rating_average,winner,count
1346,white,13
1346,black,10
1346,draw,0
1292,white,15
1292,black,12
1292,draw,2
1498,white,17
1498,black,18
1498,draw,0
1446,white,30
1446,black,13
1446,draw,2
1496,white,31
1496,black,22
1496,draw,7
1126,white,3
1126,black,2
1126,draw,1
1472,white,18
1472,black,15
1472,draw,2
1760,white,12
1760,black,15
1760,draw,0
1416,white,17
1416,black,23
1416,draw,0
1295,white,3
1295,black,5
1295,draw,0
1326,white,15
1326,black,9
1326,draw,4
1624,white,9
1624,black,22
1624,draw,2
1658,white,19
1658,black,20
1658,draw,2
1494,white,26
1494,black,27
1494,draw,1
1118,white,8
1118,black,5
1118,draw,0
1197,white,5
1197,black,8
1197,draw,0
1297,white,4
1297,black,4
1297,draw,1
1385,white,5
1385,black,12
1385,draw,1
1081,white,4
1081,black,1
1081,draw,0
1206,white,7
1206,black,6
1206,draw,0
1268,white,7
1268,black,16
1268,draw,0
1148,white,4
1148,black,4
1148,draw,0
1452,white,30
1452,black,26
1452,draw,1
1183,white,1
1183,black,5
1183,draw,0
1106,white,2
1106,black,3
1106,draw,0
1112,white,7
1112,black,4
1112,draw,0
1101,white,1
1101,black,2
1101,draw,0
1111,white,2
1111,black,0
1111,draw,0
1260,white,14
1260,black,15
1260,draw,0
1198,white,15
1198,black,4
1198,draw,1
1404,white,25
1404,black,22
1404,draw,0
1274,white,5
1274,black,7
1274,draw,0
1239,white,6
1239,black,7
1239,draw,0
1714,white,9
1714,black,18
1714,draw,3
1092,white,2
1092,black,5
1092,draw,1
1110,white,11
1110,black,4
1110,draw,1
1710,white,17
1710,black,21
1710,draw,2
1160,white,7
1160,black,2
1160,draw,0
1707,white,12
1707,black,3
1707,draw,1
1342,white,13
1342,black,12
1342,draw,3
1454,white,30
1454,black,12
1454,draw,2
1475,white,9
1475,black,10
1475,draw,1
1428,white,11
1428,black,18
1428,draw,1
1376,white,19
1376,black,21
1376,draw,0
1393,white,8
1393,black,5
1393,draw,1
1570,white,23
1570,black,20
1570,draw,3
1592,white,26
1592,black,13
1592,draw,3
1593,white,5
1593,black,5
1593,draw,0
1664,white,31
1664,black,23
1664,draw,0
1578,white,16
1578,black,10
1578,draw,2
1527,white,8
1527,black,6
1527,draw,0
1502,white,34
1502,black,31
1502,draw,3
1449,white,7
1449,black,9
1449,draw,1
1524,white,26
1524,black,18
1524,draw,4
1604,white,26
1604,black,27
1604,draw,1
1398,white,17
1398,black,29
1398,draw,0
1571,white,8
1571,black,9
1571,draw,1
1727,white,3
1727,black,4
1727,draw,0
1568,white,29
1568,black,22
1568,draw,1
1650,white,28
1650,black,13
1650,draw,1
1842,white,10
1842,black,16
1842,draw,0
1602,white,22
1602,black,15
1602,draw,1
1535,white,8
1535,black,7
1535,draw,1
1517,white,10
1517,black,7
1517,draw,0
1567,white,8
1567,black,7
1567,draw,0
1548,white,24
1548,black,20
1548,draw,4
1478,white,21
1478,black,22
1478,draw,4
1576,white,14
1576,black,22
1576,draw,5
1470,white,21
1470,black,12
1470,draw,0
1712,white,11
1712,black,19
1712,draw,0
1334,white,20
1334,black,12
1334,draw,0
1648,white,27
1648,black,13
1648,draw,2
1473,white,3
1473,black,5
1473,draw,1
1500,white,95
1500,black,92
1500,draw,10
1730,white,18
1730,black,7
1730,draw,4
1741,white,9
1741,black,6
1741,draw,0
1840,white,16
1840,black,19
1840,draw,3
1790,white,13
1790,black,15
1790,draw,1
1557,white,9
1557,black,4
1557,draw,1
1770,white,12
1770,black,12
1770,draw,1
1662,white,12
1662,black,17
1662,draw,0
1740,white,16
1740,black,14
1740,draw,3
1736,white,10
1736,black,8
1736,draw,1
1616,white,18
1616,black,21
1616,draw,1
1690,white,18
1690,black,14
1690,draw,2
1582,white,17
1582,black,17
1582,draw,4
1778,white,12
1778,black,18
1778,draw,0
1762,white,22
1762,black,13
1762,draw,0
1821,white,8
1821,black,3
1821,draw,0
1752,white,15
1752,black,11
1752,draw,4
1826,white,11
1826,black,15
1826,draw,3
1756,white,11
1756,black,21
1756,draw,5
1841,white,7
1841,black,3
1841,draw,0
1871,white,2
1871,black,9
1871,draw,1
1316,white,26
1316,black,18
1316,draw,5
1232,white,5
1232,black,7
1232,draw,1
1068,white,2
1068,black,5
1068,draw,0
1276,white,15
1276,black,10
1276,draw,0
1245,white,8
1245,black,5
1245,draw,0
1176,white,7
1176,black,7
1176,draw,2
1280,white,10
1280,black,16
1280,draw,0
1296,white,12
1296,black,9
1296,draw,2
1256,white,18
1256,black,9
1256,draw,1
1358,white,12
1358,black,17
1358,draw,2
1204,white,7
1204,black,7
1204,draw,2
1247,white,2
1247,black,4
1247,draw,0
1341,white,6
1341,black,6
1341,draw,0
1308,white,21
1308,black,9
1308,draw,1
1300,white,25
1300,black,22
1300,draw,1
1294,white,8
1294,black,12
1294,draw,0
1250,white,13
1250,black,9
1250,draw,0
1284,white,4
1284,black,11
1284,draw,2
1324,white,11
1324,black,11
1324,draw,1
1222,white,14
1222,black,5
1222,draw,0
1217,white,3
1217,black,1
1217,draw,1
1227,white,3
1227,black,0
1227,draw,0
1388,white,19
1388,black,10
1388,draw,0
1216,white,6
1216,black,8
1216,draw,0
1352,white,19
1352,black,14
1352,draw,0
1427,white,7
1427,black,9
1427,draw,0
1210,white,8
1210,black,5
1210,draw,0
1212,white,11
1212,black,7
1212,draw,0
1286,white,16
1286,black,12
1286,draw,1
1864,white,9
1864,black,11
1864,draw,0
1852,white,6
1852,black,13
1852,draw,4
1848,white,9
1848,black,7
1848,draw,3
1884,white,16
1884,black,11
1884,draw,10
1814,white,15
1814,black,10
1814,draw,2
1886,white,15
1886,black,15
1886,draw,0
1870,white,12
1870,black,12
1870,draw,0
1850,white,10
1850,black,12
1850,draw,1
1838,white,12
1838,black,11
1838,draw,5
1856,white,10
1856,black,11
1856,draw,0
1824,white,10
1824,black,12
1824,draw,1
1827,white,2
1827,black,10
1827,draw,0
1877,white,6
1877,black,3
1877,draw,0
1916,white,4
1916,black,15
1916,draw,0
1854,white,17
1854,black,17
1854,draw,3
1868,white,12
1868,black,12
1868,draw,2
1862,white,16
1862,black,13
1862,draw,3
1846,white,12
1846,black,12
1846,draw,2
1834,white,16
1834,black,13
1834,draw,4
1881,white,2
1881,black,4
1881,draw,0
1859,white,3
1859,black,2
1859,draw,1
1858,white,14
1858,black,9
1858,draw,2
1813,white,10
1813,black,10
1813,draw,0
1275,white,3
1275,black,8
1275,draw,0
1306,white,18
1306,black,11
1306,draw,1
1298,white,23
1298,black,7
1298,draw,0
1299,white,2
1299,black,8
1299,draw,3
1312,white,27
1312,black,11
1312,draw,0
1136,white,5
1136,black,9
1136,draw,2
1380,white,20
1380,black,21
1380,draw,1
1400,white,18
1400,black,11
1400,draw,1
1698,white,14
1698,black,19
1698,draw,1
1360,white,19
1360,black,12
1360,draw,1
1386,white,19
1386,black,24
1386,draw,2
1550,white,15
1550,black,24
1550,draw,0
1394,white,14
1394,black,17
1394,draw,2
1353,white,6
1353,black,5
1353,draw,0
1382,white,24
1382,black,22
1382,draw,2
1246,white,13
1246,black,17
1246,draw,0
1523,white,5
1523,black,17
1523,draw,1
1371,white,2
1371,black,3
1371,draw,2
1415,white,6
1415,black,4
1415,draw,0
1461,white,12
1461,black,12
1461,draw,2
1426,white,14
1426,black,19
1426,draw,0
1319,white,7
1319,black,8
1319,draw,0
1477,white,6
1477,black,4
1477,draw,1
1233,white,1
1233,black,0
1233,draw,0
1230,white,7
1230,black,9
1230,draw,0
1595,white,9
1595,black,9
1595,draw,0
1429,white,6
1429,black,3
1429,draw,0
1354,white,18
1354,black,15
1354,draw,1
1667,white,3
1667,black,9
1667,draw,0
1313,white,3
1313,black,5
1313,draw,0
1370,white,21
1370,black,18
1370,draw,1
1368,white,13
1368,black,19
1368,draw,1
1330,white,14
1330,black,13
1330,draw,2
1349,white,5
1349,black,2
1349,draw,3
1372,white,27
1372,black,18
1372,draw,1
1417,white,6
1417,black,9
1417,draw,2
1430,white,14
1430,black,18
1430,draw,0
1364,white,18
1364,black,15
1364,draw,1
1619,white,11
1619,black,10
1619,draw,0
1314,white,17
1314,black,13
1314,draw,2
1336,white,11
1336,black,13
1336,draw,3
1537,white,8
1537,black,7
1537,draw,0
1598,white,19
1598,black,18
1598,draw,2
1476,white,18
1476,black,24
1476,draw,1
1552,white,17
1552,black,21
1552,draw,1
1594,white,22
1594,black,16
1594,draw,1
1572,white,19
1572,black,14
1572,draw,1
1636,white,16
1636,black,13
1636,draw,2
1614,white,19
1614,black,12
1614,draw,2
1534,white,27
1534,black,22
1534,draw,3
1484,white,20
1484,black,21
1484,draw,1
1626,white,18
1626,black,22
1626,draw,2
1774,white,15
1774,black,18
1774,draw,0
1739,white,7
1739,black,7
1739,draw,0
1682,white,22
1682,black,14
1682,draw,1
1580,white,18
1580,black,21
1580,draw,1
1628,white,22
1628,black,11
1628,draw,0
1447,white,6
1447,black,4
1447,draw,1
1520,white,19
1520,black,24
1520,draw,3
1514,white,31
1514,black,17
1514,draw,2
1480,white,23
1480,black,17
1480,draw,4
1465,white,7
1465,black,8
1465,draw,1
1792,white,10
1792,black,16
1792,draw,4
1776,white,17
1776,black,13
1776,draw,0
1414,white,23
1414,black,26
1414,draw,3
1835,white,1
1835,black,2
1835,draw,1
1544,white,39
1544,black,28
1544,draw,2
1519,white,8
1519,black,6
1519,draw,0
1474,white,30
1474,black,25
1474,draw,3
1333,white,5
1333,black,1
1333,draw,0
1516,white,27
1516,black,22
1516,draw,2
1558,white,26
1558,black,24
1558,draw,1
1574,white,24
1574,black,15
1574,draw,2
1562,white,28
1562,black,18
1562,draw,4
1674,white,14
1674,black,15
1674,draw,3
1609,white,9
1609,black,5
1609,draw,0
1618,white,16
1618,black,19
1618,draw,0
1540,white,19
1540,black,24
1540,draw,2
1588,white,25
1588,black,25
1588,draw,1
1559,white,5
1559,black,8
1559,draw,1
1832,white,13
1832,black,16
1832,draw,3
1678,white,27
1678,black,24
1678,draw,2
1607,white,7
1607,black,4
1607,draw,3
1623,white,9
1623,black,8
1623,draw,1
1613,white,5
1613,black,6
1613,draw,2
1657,white,4
1657,black,2
1657,draw,1
1615,white,9
1615,black,6
1615,draw,0
1561,white,5
1561,black,9
1561,draw,0
1642,white,18
1642,black,16
1642,draw,2
1634,white,20
1634,black,17
1634,draw,2
1644,white,19
1644,black,16
1644,draw,4
1652,white,19
1652,black,23
1652,draw,1
1670,white,13
1670,black,17
1670,draw,0
1641,white,7
1641,black,8
1641,draw,1
1632,white,24
1632,black,10
1632,draw,1
1608,white,18
1608,black,20
1608,draw,2
1601,white,10
1601,black,2
1601,draw,2
1788,white,19
1788,black,10
1788,draw,0
1579,white,15
1579,black,8
1579,draw,1
1490,white,29
1490,black,22
1490,draw,1
1702,white,14
1702,black,18
1702,draw,3
1606,white,25
1606,black,24
1606,draw,3
1758,white,16
1758,black,14
1758,draw,1
1786,white,16
1786,black,14
1786,draw,2
1956,white,9
1956,black,10
1956,draw,3
1045,white,0
1045,black,1
1045,draw,0
918,white,1
918,black,1
918,draw,0
1008,white,2
1008,black,3
1008,draw,0
1060,white,4
1060,black,2
1060,draw,1
1034,white,2
1034,black,1
1034,draw,0
1052,white,1
1052,black,4
1052,draw,1
1086,white,4
1086,black,1
1086,draw,0
968,white,1
968,black,3
968,draw,0
1071,white,2
1071,black,2
1071,draw,1
1089,white,3
1089,black,1
1089,draw,1
1099,white,2
1099,black,2
1099,draw,0
1007,white,0
1007,black,2
1007,draw,0
1070,white,4
1070,black,4
1070,draw,1
1169,white,2
1169,black,3
1169,draw,1
1202,white,11
1202,black,7
1202,draw,0
1337,white,8
1337,black,5
1337,draw,0
1536,white,16
1536,black,23
1536,draw,3
1482,white,24
1482,black,20
1482,draw,3
1522,white,12
1522,black,19
1522,draw,2
1458,white,18
1458,black,24
1458,draw,0
1422,white,17
1422,black,17
1422,draw,0
1423,white,3
1423,black,5
1423,draw,0
1390,white,29
1390,black,19
1390,draw,4
1448,white,15
1448,black,21
1448,draw,2
1356,white,19
1356,black,18
1356,draw,1
1413,white,8
1413,black,5
1413,draw,0
1158,white,7
1158,black,5
1158,draw,2
1640,white,16
1640,black,13
1640,draw,2
1564,white,19
1564,black,18
1564,draw,1
1418,white,27
1418,black,21
1418,draw,2
1569,white,10
1569,black,7
1569,draw,0
1530,white,27
1530,black,27
1530,draw,2
1708,white,19
1708,black,16
1708,draw,1
1531,white,2
1531,black,7
1531,draw,1
1348,white,12
1348,black,19
1348,draw,1
1686,white,22
1686,black,15
1686,draw,0
1463,white,7
1463,black,3
1463,draw,0
1468,white,21
1468,black,22
1468,draw,1
1555,white,8
1555,black,6
1555,draw,1
1715,white,5
1715,black,5
1715,draw,1
1491,white,12
1491,black,7
1491,draw,0
1590,white,18
1590,black,17
1590,draw,0
1481,white,9
1481,black,8
1481,draw,0
1718,white,16
1718,black,22
1718,draw,6
1749,white,10
1749,black,1
1749,draw,0
1646,white,32
1646,black,15
1646,draw,2
1453,white,6
1453,black,9
1453,draw,1
1600,white,35
1600,black,28
1600,draw,2
1483,white,11
1483,black,11
1483,draw,0
1704,white,14
1704,black,17
1704,draw,2
1577,white,8
1577,black,3
1577,draw,0
1518,white,30
1518,black,33
1518,draw,1
1424,white,21
1424,black,17
1424,draw,3
1633,white,10
1633,black,7
1633,draw,0
1584,white,29
1584,black,18
1584,draw,2
1492,white,17
1492,black,17
1492,draw,0
1505,white,13
1505,black,6
1505,draw,1
1726,white,21
1726,black,19
1726,draw,3
1720,white,19
1720,black,25
1720,draw,2
1668,white,20
1668,black,14
1668,draw,1
1716,white,23
1716,black,14
1716,draw,2
1643,white,9
1643,black,7
1643,draw,1
1680,white,12
1680,black,18
1680,draw,0
1410,white,20
1410,black,19
1410,draw,1
1392,white,19
1392,black,13
1392,draw,3
1396,white,26
1396,black,19
1396,draw,1
1586,white,22
1586,black,32
1586,draw,2
1695,white,5
1695,black,11
1695,draw,0
1696,white,19
1696,black,24
1696,draw,2
1823,white,5
1823,black,5
1823,draw,0
1693,white,6
1693,black,9
1693,draw,0
1630,white,14
1630,black,17
1630,draw,3
1538,white,26
1538,black,28
1538,draw,5
1728,white,16
1728,black,10
1728,draw,5
1729,white,5
1729,black,8
1729,draw,1
1366,white,21
1366,black,14
1366,draw,3
1384,white,25
1384,black,12
1384,draw,1
1328,white,16
1328,black,17
1328,draw,0
1315,white,5
1315,black,2
1315,draw,0
1556,white,21
1556,black,11
1556,draw,1
1266,white,16
1266,black,9
1266,draw,3
1357,white,8
1357,black,6
1357,draw,0
1252,white,13
1252,black,8
1252,draw,0
1138,white,7
1138,black,8
1138,draw,0
1174,white,6
1174,black,6
1174,draw,0
1171,white,2
1171,black,2
1171,draw,0
1262,white,8
1262,black,6
1262,draw,0
1180,white,7
1180,black,3
1180,draw,0
1064,white,7
1064,black,1
1064,draw,0
1144,white,4
1144,black,7
1144,draw,1
1305,white,11
1305,black,9
1305,draw,0
1208,white,6
1208,black,4
1208,draw,1
1203,white,6
1203,black,1
1203,draw,0
1214,white,8
1214,black,13
1214,draw,2
1127,white,0
1127,black,2
1127,draw,0
1226,white,6
1226,black,7
1226,draw,0
1228,white,10
1228,black,8
1228,draw,2
1096,white,2
1096,black,1
1096,draw,0
1147,white,6
1147,black,2
1147,draw,0
1267,white,4
1267,black,5
1267,draw,0
1184,white,12
1184,black,6
1184,draw,0
1196,white,6
1196,black,5
1196,draw,3
1021,white,0
1021,black,1
1021,draw,1
1088,white,3
1088,black,4
1088,draw,0
1104,white,3
1104,black,2
1104,draw,0
1091,white,0
1091,black,1
1091,draw,0
1024,white,1
1024,black,0
1024,draw,1
1054,white,3
1054,black,2
1054,draw,0
1165,white,2
1165,black,3
1165,draw,0
1090,white,1
1090,black,1
1090,draw,0
1028,white,1
1028,black,2
1028,draw,0
1966,white,3
1966,black,8
1966,draw,1
2056,white,6
2056,black,7
2056,draw,1
1981,white,4
1981,black,6
1981,draw,1
2030,white,5
2030,black,8
2030,draw,1
1953,white,6
1953,black,2
1953,draw,2
1971,white,3
1971,black,1
1971,draw,1
1936,white,5
1936,black,10
1936,draw,1
2025,white,7
2025,black,1
2025,draw,0
1994,white,9
1994,black,4
1994,draw,1
1987,white,4
1987,black,1
1987,draw,0
1914,white,10
1914,black,10
1914,draw,0
2126,white,4
2126,black,5
2126,draw,0
1940,white,9
1940,black,7
1940,draw,2
2000,white,7
2000,black,6
2000,draw,1
2041,white,3
2041,black,2
2041,draw,0
1764,white,14
1764,black,10
1764,draw,0
1900,white,12
1900,black,16
1900,draw,0
1806,white,21
1806,black,19
1806,draw,0
2100,white,9
2100,black,3
2100,draw,3
1787,white,1
1787,black,6
1787,draw,1
1844,white,15
1844,black,11
1844,draw,3
1611,white,9
1611,black,11
1611,draw,1
1766,white,20
1766,black,5
1766,draw,1
2017,white,4
2017,black,1
2017,draw,1
1951,white,3
1951,black,1
1951,draw,0
2016,white,2
2016,black,14
2016,draw,1
1532,white,33
1532,black,25
1532,draw,1
1236,white,4
1236,black,6
1236,draw,1
1193,white,2
1193,black,3
1193,draw,0
1220,white,7
1220,black,5
1220,draw,1
1671,white,14
1671,black,3
1671,draw,1
1929,white,2
1929,black,1
1929,draw,0
1249,white,5
1249,black,2
1249,draw,0
1345,white,18
1345,black,8
1345,draw,0
1511,white,6
1511,black,5
1511,draw,1
2356,white,0
2356,black,1
2356,draw,0
2404,white,0
2404,black,1
2404,draw,0
2364,white,0
2364,black,1
2364,draw,0
2332,white,0
2332,black,1
2332,draw,0
2083,white,2
2083,black,2
2083,draw,0
2085,white,2
2085,black,1
2085,draw,1
2173,white,3
2173,black,0
2173,draw,0
2102,white,7
2102,black,3
2102,draw,0
1972,white,8
1972,black,6
1972,draw,2
2148,white,1
2148,black,6
2148,draw,1
1988,white,9
1988,black,7
1988,draw,2
2088,white,8
2088,black,10
2088,draw,0
2071,white,0
2071,black,1
2071,draw,0
2170,white,5
2170,black,5
2170,draw,0
2218,white,5
2218,black,3
2218,draw,2
2115,white,1
2115,black,0
2115,draw,0
2146,white,4
2146,black,4
2146,draw,0
2090,white,8
2090,black,4
2090,draw,0
2134,white,5
2134,black,3
2134,draw,0
2215,white,0
2215,black,2
2215,draw,0
1810,white,13
1810,black,19
1810,draw,1
2054,white,3
2054,black,6
2054,draw,1
2138,white,3
2138,black,2
2138,draw,1
2260,white,1
2260,black,3
2260,draw,0
2072,white,6
2072,black,4
2072,draw,0
2032,white,6
2032,black,4
2032,draw,1
1978,white,7
1978,black,7
1978,draw,0
2053,white,1
2053,black,3
2053,draw,1
1724,white,19
1724,black,18
1724,draw,2
2002,white,6
2002,black,9
2002,draw,1
1791,white,7
1791,black,5
1791,draw,0
1922,white,13
1922,black,12
1922,draw,0
1918,white,3
1918,black,12
1918,draw,0
1908,white,10
1908,black,20
1908,draw,3
1898,white,9
1898,black,15
1898,draw,1
1996,white,8
1996,black,7
1996,draw,0
1402,white,14
1402,black,13
1402,draw,1
1237,white,2
1237,black,2
1237,draw,0
1140,white,4
1140,black,5
1140,draw,1
1264,white,13
1264,black,11
1264,draw,0
1928,white,9
1928,black,15
1928,draw,2
1878,white,21
1878,black,16
1878,draw,1
1489,white,5
1489,black,5
1489,draw,2
1420,white,19
1420,black,12
1420,draw,1
1460,white,26
1460,black,11
1460,draw,2
1529,white,10
1529,black,6
1529,draw,1
1605,white,4
1605,black,6
1605,draw,0
1466,white,18
1466,black,17
1466,draw,1
1438,white,30
1438,black,22
1438,draw,1
1432,white,26
1432,black,30
1432,draw,2
1383,white,8
1383,black,8
1383,draw,1
1442,white,24
1442,black,24
1442,draw,1
1374,white,13
1374,black,21
1374,draw,2
1780,white,19
1780,black,13
1780,draw,3
2110,white,2
2110,black,3
2110,draw,0
2108,white,3
2108,black,3
2108,draw,0
1412,white,29
1412,black,23
1412,draw,1
1278,white,12
1278,black,11
1278,draw,0
1134,white,7
1134,black,7
1134,draw,0
1191,white,3
1191,black,1
1191,draw,0
1694,white,13
1694,black,16
1694,draw,2
1768,white,16
1768,black,19
1768,draw,0
1781,white,6
1781,black,4
1781,draw,0
1816,white,12
1816,black,7
1816,draw,0
1817,white,5
1817,black,4
1817,draw,0
1820,white,9
1820,black,12
1820,draw,0
1880,white,7
1880,black,14
1880,draw,1
2314,white,0
2314,black,1
2314,draw,1
2476,white,0
2476,black,0
2476,draw,1
2342,white,1
2342,black,1
2342,draw,0
2424,white,0
2424,black,0
2424,draw,1
2350,white,1
2350,black,0
2350,draw,0
2280,white,0
2280,black,3
2280,draw,0
2375,white,0
2375,black,1
2375,draw,0
2226,white,2
2226,black,0
2226,draw,0
2372,white,0
2372,black,1
2372,draw,0
2322,white,1
2322,black,1
2322,draw,0
2340,white,0
2340,black,2
2340,draw,0
2394,white,0
2394,black,0
2394,draw,1
2242,white,4
2242,black,1
2242,draw,0
2249,white,1
2249,black,2
2249,draw,2
2296,white,1
2296,black,1
2296,draw,0
2206,white,2
2206,black,3
2206,draw,0
1456,white,17
1456,black,18
1456,draw,0
1699,white,6
1699,black,4
1699,draw,0
1809,white,3
1809,black,5
1809,draw,1
1684,white,22
1684,black,25
1684,draw,1
1742,white,19
1742,black,20
1742,draw,2
1679,white,0
1679,black,3
1679,draw,1
1709,white,7
1709,black,5
1709,draw,2
1750,white,9
1750,black,8
1750,draw,0
1585,white,10
1585,black,7
1585,draw,1
1692,white,20
1692,black,27
1692,draw,2
1703,white,9
1703,black,6
1703,draw,0
1734,white,12
1734,black,14
1734,draw,3
1772,white,10
1772,black,17
1772,draw,4
1700,white,14
1700,black,22
1700,draw,0
1711,white,7
1711,black,10
1711,draw,1
2067,white,2
2067,black,0
2067,draw,0
1771,white,6
1771,black,6
1771,draw,1
1651,white,8
1651,black,4
1651,draw,2
1661,white,10
1661,black,1
1661,draw,1
1666,white,22
1666,black,11
1666,draw,2
1660,white,25
1660,black,18
1660,draw,1
1849,white,6
1849,black,3
1849,draw,1
1866,white,14
1866,black,15
1866,draw,1
1794,white,12
1794,black,15
1794,draw,2
1875,white,7
1875,black,3
1875,draw,0
1656,white,22
1656,black,14
1656,draw,3
1892,white,18
1892,black,16
1892,draw,2
1853,white,8
1853,black,4
1853,draw,0
1861,white,1
1861,black,7
1861,draw,1
1765,white,6
1765,black,8
1765,draw,0
1905,white,2
1905,black,2
1905,draw,3
2203,white,2
2203,black,0
2203,draw,0
2181,white,2
2181,black,0
2181,draw,0
2009,white,2
2009,black,1
2009,draw,0
2008,white,8
2008,black,7
2008,draw,0
2006,white,7
2006,black,4
2006,draw,2
2005,white,1
2005,black,2
2005,draw,0
2178,white,6
2178,black,5
2178,draw,0
2099,white,4
2099,black,2
2099,draw,0
2120,white,6
2120,black,3
2120,draw,0
1799,white,9
1799,black,3
1799,draw,0
1999,white,4
1999,black,2
1999,draw,0
1998,white,11
1998,black,11
1998,draw,0
1719,white,2
1719,black,7
1719,draw,0
1938,white,5
1938,black,6
1938,draw,0
1777,white,7
1777,black,4
1777,draw,0
1565,white,7
1565,black,5
1565,draw,0
1512,white,27
1512,black,17
1512,draw,2
1542,white,21
1542,black,22
1542,draw,2
827,white,1
827,black,0
827,draw,0
957,white,2
957,black,1
957,draw,0
908,white,0
908,black,1
908,draw,0
1168,white,8
1168,black,6
1168,draw,0
1218,white,8
1218,black,8
1218,draw,1
1133,white,1
1133,black,1
1133,draw,1
1077,white,3
1077,black,0
1077,draw,0
1048,white,3
1048,black,3
1048,draw,1
1120,white,5
1120,black,9
1120,draw,0
1200,white,11
1200,black,2
1200,draw,0
890,white,1
890,black,1
890,draw,0
1074,white,1
1074,black,2
1074,draw,0
1199,white,3
1199,black,2
1199,draw,0
1207,white,3
1207,black,2
1207,draw,0
1320,white,20
1320,black,9
1320,draw,1
1128,white,10
1128,black,4
1128,draw,0
2081,white,3
2081,black,0
2081,draw,1
2077,white,1
2077,black,2
2077,draw,3
1725,white,7
1725,black,5
1725,draw,6
1847,white,8
1847,black,4
1847,draw,0
1873,white,0
1873,black,5
1873,draw,3
1631,white,6
1631,black,6
1631,draw,2
2034,white,9
2034,black,13
2034,draw,0
1655,white,5
1655,black,6
1655,draw,0
1654,white,20
1654,black,13
1654,draw,2
1863,white,3
1863,black,4
1863,draw,0
1672,white,20
1672,black,15
1672,draw,1
1622,white,16
1622,black,16
1622,draw,2
1610,white,20
1610,black,22
1610,draw,2
1629,white,7
1629,black,11
1629,draw,1
1785,white,4
1785,black,7
1785,draw,1
1681,white,2
1681,black,8
1681,draw,0
1688,white,18
1688,black,15
1688,draw,0
1783,white,12
1783,black,1
1783,draw,2
1782,white,7
1782,black,9
1782,draw,1
1830,white,20
1830,black,13
1830,draw,2
1639,white,8
1639,black,4
1639,draw,1
1968,white,6
1968,black,7
1968,draw,3
1713,white,8
1713,black,6
1713,draw,0
1501,white,10
1501,black,7
1501,draw,0
1962,white,13
1962,black,11
1962,draw,0
1955,white,6
1955,black,5
1955,draw,0
1896,white,18
1896,black,10
1896,draw,1
2014,white,5
2014,black,7
2014,draw,1
1808,white,19
1808,black,11
1808,draw,0
1860,white,17
1860,black,17
1860,draw,1
1748,white,19
1748,black,14
1748,draw,2
1910,white,11
1910,black,6
1910,draw,0
1836,white,8
1836,black,8
1836,draw,1
1746,white,13
1746,black,18
1746,draw,1
1946,white,12
1946,black,7
1946,draw,0
1804,white,8
1804,black,14
1804,draw,1
1546,white,22
1546,black,26
1546,draw,1
1554,white,17
1554,black,11
1554,draw,0
1573,white,10
1573,black,5
1573,draw,2
2020,white,4
2020,black,7
2020,draw,1
1982,white,8
1982,black,6
1982,draw,0
1942,white,8
1942,black,12
1942,draw,1
1738,white,14
1738,black,21
1738,draw,0
1974,white,3
1974,black,6
1974,draw,0
2116,white,9
2116,black,4
2116,draw,2
1920,white,16
1920,black,11
1920,draw,0
2144,white,2
2144,black,2
2144,draw,0
1876,white,10
1876,black,4
1876,draw,0
1888,white,17
1888,black,8
1888,draw,1
1950,white,10
1950,black,4
1950,draw,0
2010,white,5
2010,black,5
2010,draw,0
2074,white,7
2074,black,5
2074,draw,0
2184,white,3
2184,black,1
2184,draw,0
1689,white,4
1689,black,5
1689,draw,1
1745,white,1
1745,black,4
1745,draw,1
1761,white,4
1761,black,5
1761,draw,0
1802,white,18
1802,black,12
1802,draw,1
1857,white,3
1857,black,3
1857,draw,0
1815,white,6
1815,black,7
1815,draw,0
1800,white,19
1800,black,11
1800,draw,1
1867,white,3
1867,black,5
1867,draw,0
1947,white,1
1947,black,5
1947,draw,0
1812,white,19
1812,black,15
1812,draw,2
1818,white,8
1818,black,14
1818,draw,0
1882,white,10
1882,black,5
1882,draw,2
1925,white,2
1925,black,3
1925,draw,1
1944,white,10
1944,black,11
1944,draw,1
1926,white,17
1926,black,9
1926,draw,0
1754,white,18
1754,black,6
1754,draw,2
1757,white,1
1757,black,6
1757,draw,0
1675,white,3
1675,black,3
1675,draw,0
1072,white,2
1072,black,2
1072,draw,0
1102,white,2
1102,black,1
1102,draw,0
1146,white,5
1146,black,1
1146,draw,0
1504,white,28
1504,black,17
1504,draw,1
2240,white,1
2240,black,2
2240,draw,0
2084,white,2
2084,black,2
2084,draw,1
2333,white,0
2333,black,0
2333,draw,1
2166,white,5
2166,black,1
2166,draw,0
2123,white,3
2123,black,2
2123,draw,0
1976,white,6
1976,black,10
1976,draw,3
1669,white,4
1669,black,4
1669,draw,0
1406,white,30
1406,black,18
1406,draw,1
1507,white,10
1507,black,8
1507,draw,1
1457,white,16
1457,black,10
1457,draw,3
1444,white,21
1444,black,26
1444,draw,1
1486,white,18
1486,black,19
1486,draw,0
1525,white,3
1525,black,3
1525,draw,0
1620,white,13
1620,black,17
1620,draw,0
1528,white,19
1528,black,15
1528,draw,3
1984,white,6
1984,black,2
1984,draw,2
1954,white,8
1954,black,5
1954,draw,0
1798,white,11
1798,black,14
1798,draw,1
1282,white,12
1282,black,7
1282,draw,0
1251,white,2
1251,black,6
1251,draw,0
1273,white,5
1273,black,1
1273,draw,0
1290,white,21
1290,black,11
1290,draw,3
1225,white,4
1225,black,3
1225,draw,0
1310,white,13
1310,black,11
1310,draw,1
1254,white,8
1254,black,14
1254,draw,0
1272,white,11
1272,black,10
1272,draw,0
1338,white,19
1338,black,11
1338,draw,1
1425,white,5
1425,black,4
1425,draw,0
1318,white,11
1318,black,12
1318,draw,1
1139,white,4
1139,black,3
1139,draw,0
1350,white,15
1350,black,14
1350,draw,0
1549,white,7
1549,black,11
1549,draw,0
1560,white,21
1560,black,25
1560,draw,0
1543,white,13
1543,black,14
1543,draw,1
1508,white,18
1508,black,14
1508,draw,3
1506,white,18
1506,black,18
1506,draw,2
1649,white,5
1649,black,4
1649,draw,1
1156,white,8
1156,black,6
1156,draw,3
1224,white,8
1224,black,10
1224,draw,3
1302,white,18
1302,black,20
1302,draw,1
1166,white,5
1166,black,2
1166,draw,0
1122,white,6
1122,black,3
1122,draw,0
1188,white,10
1188,black,3
1188,draw,1
1258,white,14
1258,black,10
1258,draw,1
1152,white,7
1152,black,5
1152,draw,0
1238,white,10
1238,black,5
1238,draw,0
1108,white,1
1108,black,6
1108,draw,0
1259,white,9
1259,black,10
1259,draw,0
1123,white,3
1123,black,1
1123,draw,0
1339,white,9
1339,black,3
1339,draw,1
1291,white,5
1291,black,6
1291,draw,1
1327,white,7
1327,black,2
1327,draw,0
1408,white,11
1408,black,20
1408,draw,2
1359,white,10
1359,black,5
1359,draw,0
1362,white,15
1362,black,9
1362,draw,0
1440,white,18
1440,black,19
1440,draw,1
1912,white,9
1912,black,14
1912,draw,4
1990,white,10
1990,black,7
1990,draw,1
1845,white,7
1845,black,3
1845,draw,0
1970,white,11
1970,black,5
1970,draw,0
1983,white,3
1983,black,1
1983,draw,0
1733,white,3
1733,black,3
1733,draw,0
1890,white,8
1890,black,11
1890,draw,2
1801,white,6
1801,black,6
1801,draw,1
1973,white,2
1973,black,2
1973,draw,1
1958,white,7
1958,black,7
1958,draw,0
1277,white,2
1277,black,6
1277,draw,0
1241,white,6
1241,black,8
1241,draw,0
1265,white,4
1265,black,2
1265,draw,0
1164,white,9
1164,black,4
1164,draw,0
1194,white,10
1194,black,4
1194,draw,1
1062,white,5
1062,black,5
1062,draw,0
1510,white,18
1510,black,28
1510,draw,1
1434,white,23
1434,black,12
1434,draw,3
1407,white,3
1407,black,8
1407,draw,0
1526,white,20
1526,black,22
1526,draw,2
1488,white,19
1488,black,19
1488,draw,3
1433,white,7
1433,black,6
1433,draw,0
1773,white,7
1773,black,3
1773,draw,1
1213,white,4
1213,black,1
1213,draw,0
1172,white,5
1172,black,6
1172,draw,0
1231,white,4
1231,black,2
1231,draw,0
1401,white,9
1401,black,6
1401,draw,1
1344,white,15
1344,black,13
1344,draw,3
1373,white,4
1373,black,5
1373,draw,0
1329,white,4
1329,black,1
1329,draw,0
1351,white,9
1351,black,10
1351,draw,1
1395,white,5
1395,black,6
1395,draw,0
1387,white,9
1387,black,12
1387,draw,1
1391,white,7
1391,black,8
1391,draw,0
1411,white,8
1411,black,12
1411,draw,1
1789,white,4
1789,black,6
1789,draw,0
1805,white,6
1805,black,4
1805,draw,1
1647,white,13
1647,black,3
1647,draw,2
1335,white,3
1335,black,11
1335,draw,0
1235,white,1
1235,black,2
1235,draw,0
2359,white,2
2359,black,0
2359,draw,0
2357,white,2
2357,black,0
2357,draw,0
1355,white,12
1355,black,1
1355,draw,2
1367,white,14
1367,black,7
1367,draw,1
1189,white,0
1189,black,3
1189,draw,0
1150,white,12
1150,black,4
1150,draw,0
1263,white,5
1263,black,4
1263,draw,0
1450,white,19
1450,black,16
1450,draw,0
1332,white,13
1332,black,11
1332,draw,3
1378,white,17
1378,black,14
1378,draw,4
2069,white,1
2069,black,0
2069,draw,0
2147,white,1
2147,black,3
2147,draw,0
2114,white,3
2114,black,4
2114,draw,2
2168,white,4
2168,black,6
2168,draw,0
2079,white,3
2079,black,0
2079,draw,0
2097,white,0
2097,black,2
2097,draw,0
1464,white,28
1464,black,12
1464,draw,4
1443,white,9
1443,black,8
1443,draw,0
1369,white,8
1369,black,7
1369,draw,0
1563,white,7
1563,black,10
1563,draw,1
1293,white,6
1293,black,5
1293,draw,0
1240,white,7
1240,black,5
1240,draw,1
1325,white,5
1325,black,5
1325,draw,0
1281,white,7
1281,black,1
1281,draw,0
952,white,1
952,black,0
952,draw,0
953,white,0
953,black,2
953,draw,0
877,white,1
877,black,1
877,draw,0
978,white,2
978,black,4
978,draw,0
1080,white,1
1080,black,4
1080,draw,0
983,white,1
983,black,2
983,draw,0
986,white,1
986,black,1
986,draw,1
963,white,0
963,black,1
963,draw,0
1036,white,0
1036,black,2
1036,draw,0
996,white,2
996,black,0
996,draw,0
1000,white,0
1000,black,2
1000,draw,0
1040,white,1
1040,black,0
1040,draw,0
1046,white,0
1046,black,2
1046,draw,0
1153,white,3
1153,black,1
1153,draw,0
1100,white,4
1100,black,4
1100,draw,0
972,white,0
972,black,1
972,draw,0
1076,white,5
1076,black,3
1076,draw,0
1066,white,0
1066,black,2
1066,draw,0
1056,white,4
1056,black,4
1056,draw,0
1154,white,8
1154,black,9
1154,draw,3
1085,white,0
1085,black,0
1085,draw,1
1289,white,8
1289,black,3
1289,draw,0
1676,white,14
1676,black,13
1676,draw,0
1755,white,5
1755,black,2
1755,draw,1
1763,white,6
1763,black,9
1763,draw,0
1219,white,1
1219,black,2
1219,draw,0
1409,white,14
1409,black,6
1409,draw,0
1904,white,9
1904,black,13
1904,draw,1
1459,white,7
1459,black,4
1459,draw,1
1753,white,3
1753,black,7
1753,draw,0
1691,white,3
1691,black,3
1691,draw,1
1612,white,17
1612,black,24
1612,draw,2
1403,white,3
1403,black,8
1403,draw,0
1439,white,0
1439,black,7
1439,draw,2
1244,white,11
1244,black,7
1244,draw,0
1497,white,5
1497,black,1
1497,draw,0
1181,white,3
1181,black,3
1181,draw,0
916,white,1
916,black,0
916,draw,0
1044,white,3
1044,black,0
1044,draw,1
1067,white,1
1067,black,0
1067,draw,0
1269,white,6
1269,black,5
1269,draw,0
1421,white,11
1421,black,8
1421,draw,1
1020,white,2
1020,black,1
1020,draw,0
1321,white,2
1321,black,7
1321,draw,0
1701,white,10
1701,black,7
1701,draw,2
1828,white,18
1828,black,7
1828,draw,1
1731,white,2
1731,black,5
1731,draw,0
1855,white,6
1855,black,7
1855,draw,0
1843,white,2
1843,black,4
1843,draw,2
1822,white,11
1822,black,8
1822,draw,0
1887,white,4
1887,black,3
1887,draw,0
1902,white,14
1902,black,6
1902,draw,6
1879,white,3
1879,black,2
1879,draw,0
1829,white,6
1829,black,1
1829,draw,0
1775,white,4
1775,black,5
1775,draw,0
1872,white,9
1872,black,13
1872,draw,2
1365,white,4
1365,black,5
1365,draw,1
1722,white,12
1722,black,12
1722,draw,3
2098,white,6
2098,black,8
2098,draw,0
2021,white,3
2021,black,9
2021,draw,0
1901,white,1
1901,black,3
1901,draw,0
1288,white,11
1288,black,10
1288,draw,2
1322,white,15
1322,black,12
1322,draw,1
1303,white,4
1303,black,4
1303,draw,0
1653,white,3
1653,black,3
1653,draw,2
1436,white,27
1436,black,21
1436,draw,1
1361,white,8
1361,black,2
1361,draw,0
1261,white,4
1261,black,5
1261,draw,0
1117,white,1
1117,black,4
1117,draw,0
1131,white,2
1131,black,4
1131,draw,0
1178,white,4
1178,black,7
1178,draw,0
1304,white,20
1304,black,13
1304,draw,0
1445,white,6
1445,black,8
1445,draw,1
1270,white,7
1270,black,15
1270,draw,1
1471,white,13
1471,black,5
1471,draw,1
1059,white,0
1059,black,1
1059,draw,0
1397,white,5
1397,black,12
1397,draw,0
1581,white,12
1581,black,10
1581,draw,0
1375,white,3
1375,black,11
1375,draw,0
1485,white,6
1485,black,8
1485,draw,1
1331,white,8
1331,black,4
1331,draw,0
1340,white,12
1340,black,9
1340,draw,0
1705,white,1
1705,black,6
1705,draw,0
1744,white,16
1744,black,20
1744,draw,4
1869,white,5
1869,black,4
1869,draw,0
1915,white,3
1915,black,1
1915,draw,0
1723,white,8
1723,black,7
1723,draw,0
1747,white,3
1747,black,9
1747,draw,1
1706,white,15
1706,black,17
1706,draw,0
2160,white,5
2160,black,5
2160,draw,1
1952,white,11
1952,black,8
1952,draw,1
2315,white,0
2315,black,1
2315,draw,0
2140,white,1
2140,black,3
2140,draw,0
2244,white,0
2244,black,1
2244,draw,1
1784,white,15
1784,black,11
1784,draw,2
2052,white,6
2052,black,6
2052,draw,0
2060,white,4
2060,black,7
2060,draw,0
2068,white,6
2068,black,6
2068,draw,2
2073,white,4
2073,black,3
2073,draw,0
2201,white,2
2201,black,0
2201,draw,0
2211,white,2
2211,black,2
2211,draw,0
2208,white,2
2208,black,2
2208,draw,0
1399,white,3
1399,black,3
1399,draw,0
1379,white,5
1379,black,7
1379,draw,0
1945,white,4
1945,black,3
1945,draw,1
2024,white,4
2024,black,7
2024,draw,2
1997,white,2
1997,black,2
1997,draw,0
1989,white,0
1989,black,3
1989,draw,0
2026,white,2
2026,black,9
2026,draw,0
1935,white,2
1935,black,4
1935,draw,0
1895,white,7
1895,black,2
1895,draw,0
1897,white,3
1897,black,3
1897,draw,0
1933,white,3
1933,black,4
1933,draw,1
1906,white,15
1906,black,6
1906,draw,1
1924,white,11
1924,black,12
1924,draw,0
1930,white,4
1930,black,7
1930,draw,1
2046,white,4
2046,black,6
2046,draw,1
1986,white,9
1986,black,7
1986,draw,0
2019,white,5
2019,black,4
2019,draw,0
1977,white,2
1977,black,1
1977,draw,1
1948,white,9
1948,black,6
1948,draw,0
1980,white,6
1980,black,2
1980,draw,1
1487,white,8
1487,black,8
1487,draw,2
962,white,2
962,black,0
962,draw,0
1151,white,2
1151,black,1
1151,draw,3
1016,white,5
1016,black,2
1016,draw,0
1004,white,2
1004,black,4
1004,draw,0
1107,white,3
1107,black,5
1107,draw,0
990,white,2
990,black,2
990,draw,0
1058,white,4
1058,black,0
1058,draw,0
1347,white,3
1347,black,4
1347,draw,0
1167,white,2
1167,black,2
1167,draw,0
1591,white,7
1591,black,8
1591,draw,0
1645,white,5
1645,black,5
1645,draw,0
1673,white,6
1673,black,4
1673,draw,1
1663,white,5
1663,black,8
1663,draw,0
1195,white,4
1195,black,1
1195,draw,0
1419,white,4
1419,black,4
1419,draw,0
1343,white,6
1343,black,3
1343,draw,2
1307,white,4
1307,black,7
1307,draw,1
1311,white,7
1311,black,8
1311,draw,0
1377,white,3
1377,black,5
1377,draw,0
1243,white,2
1243,black,4
1243,draw,0
1617,white,2
1617,black,2
1617,draw,2
1825,white,4
1825,black,5
1825,draw,3
1637,white,13
1637,black,10
1637,draw,0
1462,white,18
1462,black,24
1462,draw,0
1479,white,8
1479,black,9
1479,draw,1
1437,white,5
1437,black,4
1437,draw,1
1157,white,4
1157,black,0
1157,draw,1
1255,white,3
1255,black,3
1255,draw,0
1142,white,3
1142,black,4
1142,draw,0
1084,white,3
1084,black,0
1084,draw,0
1831,white,6
1831,black,5
1831,draw,0
1949,white,3
1949,black,0
1949,draw,0
1170,white,2
1170,black,2
1170,draw,0
1017,white,1
1017,black,0
1017,draw,0
1161,white,4
1161,black,1
1161,draw,0
1042,white,3
1042,black,1
1042,draw,0
1124,white,8
1124,black,15
1124,draw,3
1149,white,1
1149,black,1
1149,draw,0
1215,white,3
1215,black,3
1215,draw,0
1119,white,1
1119,black,0
1119,draw,1
1179,white,3
1179,black,1
1179,draw,1
1253,white,0
1253,black,3
1253,draw,0
1073,white,1
1073,black,1
1073,draw,0
1242,white,14
1242,black,8
1242,draw,0
1469,white,8
1469,black,4
1469,draw,0
1205,white,1
1205,black,1
1205,draw,0
1155,white,3
1155,black,3
1155,draw,0
1075,white,0
1075,black,0
1075,draw,1
1389,white,3
1389,black,13
1389,draw,0
1431,white,3
1431,black,7
1431,draw,1
1405,white,5
1405,black,7
1405,draw,1
1687,white,7
1687,black,3
1687,draw,0
1589,white,9
1589,black,12
1589,draw,2
1132,white,3
1132,black,6
1132,draw,0
976,white,0
976,black,1
976,draw,0
1115,white,0
1115,black,2
1115,draw,0
1082,white,3
1082,black,1
1082,draw,0
1098,white,6
1098,black,1
1098,draw,1
1078,white,2
1078,black,3
1078,draw,0
1363,white,3
1363,black,3
1363,draw,0
1499,white,9
1499,black,8
1499,draw,1
1575,white,7
1575,black,11
1575,draw,0
1451,white,6
1451,black,5
1451,draw,1
1539,white,12
1539,black,7
1539,draw,1
1732,white,18
1732,black,21
1732,draw,4
2136,white,0
2136,black,1
2136,draw,1
2113,white,2
2113,black,1
2113,draw,0
2248,white,4
2248,black,1
2248,draw,0
2156,white,4
2156,black,5
2156,draw,1
2195,white,1
2195,black,4
2195,draw,0
2058,white,5
2058,black,3
2058,draw,0
2182,white,2
2182,black,3
2182,draw,0
2050,white,5
2050,black,3
2050,draw,2
2118,white,2
2118,black,3
2118,draw,0
2092,white,4
2092,black,5
2092,draw,0
1941,white,1
1941,black,6
1941,draw,0
2048,white,2
2048,black,0
2048,draw,2
1797,white,6
1797,black,6
1797,draw,0
1551,white,14
1551,black,14
1551,draw,0
1874,white,14
1874,black,7
1874,draw,2
2066,white,7
2066,black,3
2066,draw,0
1129,white,2
1129,black,3
1129,draw,0
1011,white,2
1011,black,1
1011,draw,0
954,white,2
954,black,0
954,draw,0
1035,white,1
1035,black,2
1035,draw,0
1038,white,4
1038,black,3
1038,draw,1
1094,white,3
1094,black,6
1094,draw,0
1121,white,2
1121,black,0
1121,draw,0
1185,white,3
1185,black,3
1185,draw,0
1635,white,8
1635,black,1
1635,draw,1
1381,white,11
1381,black,3
1381,draw,0
1190,white,6
1190,black,3
1190,draw,0
1234,white,12
1234,black,5
1234,draw,0
1596,white,19
1596,black,22
1596,draw,2
1521,white,6
1521,black,10
1521,draw,0
1891,white,1
1891,black,4
1891,draw,1
1796,white,12
1796,black,11
1796,draw,3
1455,white,8
1455,black,4
1455,draw,1
1503,white,6
1503,black,2
1503,draw,0
1779,white,2
1779,black,1
1779,draw,0
1583,white,1
1583,black,5
1583,draw,3
1967,white,5
1967,black,1
1967,draw,0
1964,white,4
1964,black,11
1964,draw,0
1767,white,5
1767,black,3
1767,draw,0
1903,white,5
1903,black,6
1903,draw,0
1795,white,4
1795,black,1
1795,draw,0
1495,white,4
1495,black,12
1495,draw,0
1317,white,3
1317,black,3
1317,draw,1
1509,white,8
1509,black,5
1509,draw,1
1493,white,5
1493,black,7
1493,draw,0
2038,white,6
2038,black,9
2038,draw,1
2078,white,6
2078,black,2
2078,draw,1
2094,white,3
2094,black,4
2094,draw,0
2169,white,1
2169,black,1
2169,draw,0
2004,white,7
2004,black,11
2004,draw,1
2028,white,10
2028,black,4
2028,draw,0
2076,white,3
2076,black,5
2076,draw,0
1963,white,7
1963,black,3
1963,draw,0
2174,white,1
2174,black,4
2174,draw,0
2018,white,10
2018,black,9
2018,draw,2
2086,white,8
2086,black,5
2086,draw,1
2164,white,2
2164,black,1
2164,draw,0
1513,white,11
1513,black,5
1513,draw,1
1467,white,5
1467,black,7
1467,draw,1
1441,white,12
1441,black,9
1441,draw,0
2229,white,1
2229,black,0
2229,draw,0
1435,white,9
1435,black,13
1435,draw,4
1114,white,5
1114,black,2
1114,draw,1
1186,white,6
1186,black,15
1186,draw,1
1271,white,8
1271,black,1
1271,draw,0
1162,white,3
1162,black,12
1162,draw,2
1201,white,1
1201,black,4
1201,draw,0
1627,white,9
1627,black,2
1627,draw,1
1599,white,3
1599,black,4
1599,draw,0
1638,white,12
1638,black,15
1638,draw,1
1603,white,6
1603,black,2
1603,draw,0
951,white,3
951,black,0
951,draw,0
1006,white,1
1006,black,2
1006,draw,0
969,white,2
969,black,0
969,draw,0
1279,white,1
1279,black,4
1279,draw,0
1116,white,3
1116,black,6
1116,draw,0
2150,white,3
2150,black,1
2150,draw,0
2180,white,5
2180,black,4
2180,draw,2
2183,white,1
2183,black,6
2183,draw,1
2212,white,2
2212,black,2
2212,draw,0
2187,white,0
2187,black,5
2187,draw,0
2222,white,6
2222,black,2
2222,draw,0
2282,white,1
2282,black,0
2282,draw,0
2213,white,1
2213,black,1
2213,draw,0
2253,white,2
2253,black,0
2253,draw,0
2216,white,2
2216,black,3
2216,draw,0
2176,white,3
2176,black,1
2176,draw,0
2189,white,0
2189,black,2
2189,draw,1
1014,white,0
1014,black,2
1014,draw,0
1921,white,3
1921,black,4
1921,draw,0
1751,white,5
1751,black,1
1751,draw,0
1182,white,5
1182,black,5
1182,draw,3
1547,white,15
1547,black,16
1547,draw,0
1621,white,2
1621,black,3
1621,draw,0
1229,white,2
1229,black,7
1229,draw,1
1022,white,2
1022,black,2
1022,draw,0
1553,white,5
1553,black,9
1553,draw,0
1069,white,1
1069,black,0
1069,draw,0
1159,white,0
1159,black,2
1159,draw,0
1541,white,16
1541,black,12
1541,draw,1
1010,white,2
1010,black,2
1010,draw,0
1097,white,2
1097,black,3
1097,draw,0
1889,white,4
1889,black,4
1889,draw,0
1919,white,2
1919,black,1
1919,draw,0
1192,white,2
1192,black,6
1192,draw,0
1209,white,3
1209,black,2
1209,draw,1
1113,white,0
1113,black,2
1113,draw,0
2298,white,3
2298,black,0
2298,draw,0
2294,white,2
2294,black,0
2294,draw,0
2290,white,0
2290,black,1
2290,draw,0
2308,white,3
2308,black,2
2308,draw,0
2285,white,1
2285,black,0
2285,draw,0
2128,white,4
2128,black,4
2128,draw,0
1883,white,4
1883,black,4
1883,draw,1
2042,white,7
2042,black,6
2042,draw,1
2179,white,2
2179,black,0
2179,draw,0
2373,white,2
2373,black,0
2373,draw,0
2441,white,0
2441,black,1
2441,draw,0
2412,white,0
2412,black,1
2412,draw,0
2448,white,0
2448,black,1
2448,draw,0
2419,white,0
2419,black,1
2419,draw,0
2297,white,0
2297,black,0
2297,draw,1
2300,white,1
2300,black,0
2300,draw,0
2304,white,0
2304,black,2
2304,draw,1
2336,white,0
2336,black,1
2336,draw,0
2284,white,0
2284,black,2
2284,draw,0
2334,white,1
2334,black,0
2334,draw,0
2274,white,2
2274,black,0
2274,draw,1
2305,white,1
2305,black,0
2305,draw,0
2370,white,0
2370,black,1
2370,draw,0
2402,white,0
2402,black,1
2402,draw,0
2117,white,3
2117,black,2
2117,draw,0
2043,white,3
2043,black,0
2043,draw,0
2031,white,1
2031,black,2
2031,draw,0
2035,white,2
2035,black,1
2035,draw,0
2112,white,2
2112,black,6
2112,draw,0
1811,white,2
1811,black,1
1811,draw,0
1893,white,3
1893,black,5
1893,draw,0
1301,white,3
1301,black,0
1301,draw,0
1683,white,10
1683,black,5
1683,draw,0
2051,white,5
2051,black,1
2051,draw,0
1851,white,1
1851,black,4
1851,draw,1
1899,white,2
1899,black,0
1899,draw,0
1959,white,3
1959,black,4
1959,draw,2
1533,white,4
1533,black,3
1533,draw,0
1223,white,3
1223,black,4
1223,draw,0
2192,white,2
2192,black,5
2192,draw,1
1248,white,9
1248,black,4
1248,draw,1
2012,white,4
2012,black,8
2012,draw,2
2022,white,4
2022,black,6
2022,draw,1
1995,white,1
1995,black,3
1995,draw,1
1943,white,3
1943,black,3
1943,draw,0
1934,white,8
1934,black,8
1934,draw,0
2064,white,4
2064,black,7
2064,draw,0
2062,white,5
2062,black,1
2062,draw,0
2162,white,3
2162,black,0
2162,draw,2
2101,white,2
2101,black,2
2101,draw,2
2132,white,5
2132,black,0
2132,draw,0
2261,white,3
2261,black,0
2261,draw,0
2224,white,1
2224,black,0
2224,draw,3
2125,white,3
2125,black,0
2125,draw,0
2188,white,3
2188,black,3
2188,draw,0
2230,white,0
2230,black,2
2230,draw,0
2268,white,0
2268,black,1
2268,draw,1
2293,white,1
2293,black,1
2293,draw,0
2301,white,1
2301,black,0
2301,draw,0
2044,white,3
2044,black,7
2044,draw,1
2362,white,1
2362,black,0
2362,draw,0
1737,white,7
1737,black,4
1737,draw,0
1177,white,2
1177,black,1
1177,draw,0
1145,white,1
1145,black,2
1145,draw,0
1545,white,6
1545,black,3
1545,draw,0
1992,white,2
1992,black,6
1992,draw,1
1991,white,5
1991,black,2
1991,draw,0
1979,white,5
1979,black,4
1979,draw,0
1566,white,18
1566,black,16
1566,draw,0
1163,white,1
1163,black,2
1163,draw,0
1141,white,1
1141,black,1
1141,draw,0
1515,white,4
1515,black,3
1515,draw,0
2167,white,2
2167,black,2
2167,draw,0
2186,white,1
2186,black,3
2186,draw,0
2011,white,2
2011,black,0
2011,draw,1
2107,white,2
2107,black,2
2107,draw,1
2200,white,1
2200,black,2
2200,draw,1
2145,white,0
2145,black,2
2145,draw,0
1839,white,2
1839,black,2
1839,draw,0
1932,white,7
1932,black,7
1932,draw,0
1894,white,9
1894,black,4
1894,draw,1
2264,white,2
2264,black,1
2264,draw,0
2366,white,0
2366,black,1
2366,draw,0
1833,white,4
1833,black,0
1833,draw,0
1597,white,4
1597,black,1
1597,draw,0
2360,white,0
2360,black,1
2360,draw,1
2234,white,2
2234,black,4
2234,draw,0
2080,white,4
2080,black,2
2080,draw,0
2316,white,2
2316,black,2
2316,draw,0
1913,white,3
1913,black,2
1913,draw,0
2104,white,1
2104,black,5
2104,draw,0
1685,white,12
1685,black,1
1685,draw,0
1065,white,0
1065,black,1
1065,draw,1
1173,white,2
1173,black,1
1173,draw,0
1063,white,2
1063,black,0
1063,draw,0
982,white,1
982,black,2
982,draw,0
2204,white,1
2204,black,1
2204,draw,1
1939,white,3
1939,black,3
1939,draw,0
1587,white,4
1587,black,6
1587,draw,1
1923,white,3
1923,black,1
1923,draw,0
1807,white,4
1807,black,1
1807,draw,0
1659,white,3
1659,black,2
1659,draw,0
1125,white,1
1125,black,1
1125,draw,0
1013,white,1
1013,black,0
1013,draw,0
971,white,0
971,black,1
971,draw,0
2013,white,2
2013,black,4
2013,draw,0
2003,white,3
2003,black,5
2003,draw,1
1985,white,1
1985,black,4
1985,draw,0
1087,white,1
1087,black,1
1087,draw,0
1187,white,2
1187,black,0
1187,draw,1
1287,white,7
1287,black,3
1287,draw,0
1257,white,3
1257,black,1
1257,draw,0
2029,white,1
2029,black,1
2029,draw,0
1960,white,17
1960,black,4
1960,draw,0
2023,white,3
2023,black,2
2023,draw,0
2105,white,3
2105,black,1
2105,draw,0
2047,white,2
2047,black,1
2047,draw,0
2045,white,2
2045,black,2
2045,draw,0
2082,white,5
2082,black,3
2082,draw,1
1221,white,1
1221,black,2
1221,draw,0
1677,white,5
1677,black,4
1677,draw,1
2039,white,1
2039,black,4
2039,draw,1
1759,white,3
1759,black,4
1759,draw,0
2175,white,0
2175,black,1
2175,draw,0
1769,white,7
1769,black,4
1769,draw,3
2254,white,1
2254,black,1
2254,draw,0
2397,white,0
2397,black,0
2397,draw,1
2288,white,0
2288,black,1
2288,draw,0
1819,white,2
1819,black,5
1819,draw,0
2190,white,4
2190,black,0
2190,draw,0
2246,white,0
2246,black,0
2246,draw,1
2225,white,1
2225,black,0
2225,draw,0
2223,white,0
2223,black,1
2223,draw,0
2007,white,1
2007,black,2
2007,draw,0
1047,white,1
1047,black,0
1047,draw,1
1907,white,6
1907,black,3
1907,draw,0
1911,white,1
1911,black,1
1911,draw,0
1665,white,8
1665,black,5
1665,draw,1
1803,white,6
1803,black,5
1803,draw,0
2096,white,2
2096,black,2
2096,draw,0
1175,white,1
1175,black,2
1175,draw,0
1717,white,7
1717,black,6
1717,draw,1
1721,white,4
1721,black,8
1721,draw,0
2256,white,2
2256,black,1
2256,draw,0
2267,white,1
2267,black,0
2267,draw,0
2258,white,3
2258,black,0
2258,draw,0
1018,white,0
1018,black,2
1018,draw,0
1625,white,3
1625,black,3
1625,draw,0
1037,white,1
1037,black,0
1037,draw,0
1079,white,1
1079,black,0
1079,draw,0
898,white,1
898,black,0
898,draw,0
1735,white,5
1735,black,4
1735,draw,0
2075,white,2
2075,black,1
2075,draw,1
2158,white,4
2158,black,1
2158,draw,0
2061,white,3
2061,black,2
2061,draw,0
1743,white,3
1743,black,3
1743,draw,1
1865,white,4
1865,black,2
1865,draw,0
2124,white,3
2124,black,3
2124,draw,0
2109,white,1
2109,black,1
2109,draw,0
1937,white,1
1937,black,0
1937,draw,0
2037,white,1
2037,black,1
2037,draw,0
1909,white,2
1909,black,1
1909,draw,1
1837,white,3
1837,black,5
1837,draw,1
2040,white,3
2040,black,3
2040,draw,2
2087,white,2
2087,black,1
2087,draw,0
1917,white,3
1917,black,3
1917,draw,1
2163,white,3
2163,black,1
2163,draw,1
1961,white,3
1961,black,2
1961,draw,1
992,white,0
992,black,1
992,draw,0
2121,white,1
2121,black,2
2121,draw,0
2089,white,4
2089,black,2
2089,draw,0
2122,white,8
2122,black,2
2122,draw,0
2155,white,1
2155,black,0
2155,draw,0
2214,white,0
2214,black,1
2214,draw,1
2033,white,0
2033,black,3
2033,draw,1
1965,white,3
1965,black,1
1965,draw,0
1697,white,9
1697,black,2
1697,draw,0
1931,white,1
1931,black,2
1931,draw,0
1130,white,2
1130,black,3
1130,draw,0
1975,white,3
1975,black,0
1975,draw,0
2070,white,2
2070,black,2
2070,draw,1
912,white,1
912,black,1
912,draw,0
1323,white,3
1323,black,3
1323,draw,0
2165,white,0
2165,black,2
2165,draw,0
2152,white,1
2152,black,0
2152,draw,1
2194,white,2
2194,black,0
2194,draw,0
1030,white,0
1030,black,3
1030,draw,0
938,white,2
938,black,1
938,draw,0
1285,white,1
1285,black,3
1285,draw,0
1211,white,0
1211,black,1
1211,draw,0
2153,white,1
2153,black,2
2153,draw,0
1137,white,2
1137,black,0
1137,draw,0
2196,white,2
2196,black,0
2196,draw,1
2405,white,1
2405,black,0
2405,draw,0
2220,white,1
2220,black,2
2220,draw,0
2390,white,0
2390,black,1
2390,draw,0
1012,white,0
1012,black,2
1012,draw,0
2172,white,3
2172,black,4
2172,draw,0
942,white,2
942,black,1
942,draw,0
964,white,1
964,black,0
964,draw,0
959,white,1
959,black,1
959,draw,0
943,white,0
943,black,0
943,draw,1
948,white,2
948,black,2
948,draw,0
956,white,1
956,black,0
956,draw,0
991,white,0
991,black,1
991,draw,0
985,white,0
985,black,1
985,draw,0
1019,white,1
1019,black,0
1019,draw,0
1283,white,2
1283,black,0
1283,draw,0
1029,white,0
1029,black,2
1029,draw,1
2367,white,0
2367,black,0
2367,draw,1
2142,white,2
2142,black,2
2142,draw,0
895,white,0
895,black,1
895,draw,0
816,white,1
816,black,0
816,draw,0
922,white,1
922,black,0
922,draw,0
929,white,1
929,black,0
929,draw,0
1026,white,1
1026,black,1
1026,draw,0
988,white,0
988,black,2
988,draw,0
870,white,0
870,black,1
870,draw,0
882,white,1
882,black,0
882,draw,0
960,white,1
960,black,0
960,draw,0
1002,white,0
1002,black,1
1002,draw,0
2292,white,2
2292,black,2
2292,draw,0
2217,white,2
2217,black,0
2217,draw,0
2302,white,2
2302,black,0
2302,draw,0
2326,white,0
2326,black,2
2326,draw,1
2055,white,3
2055,black,3
2055,draw,0
2130,white,0
2130,black,2
2130,draw,0
2065,white,0
2065,black,0
2065,draw,3
2001,white,0
2001,black,1
2001,draw,0
2057,white,1
2057,black,1
2057,draw,0
2063,white,1
2063,black,1
2063,draw,0
1793,white,3
1793,black,2
1793,draw,0
2157,white,1
2157,black,2
2157,draw,0
2205,white,1
2205,black,1
2205,draw,0
2247,white,1
2247,black,0
2247,draw,0
2276,white,0
2276,black,1
2276,draw,0
2278,white,2
2278,black,1
2278,draw,2
2386,white,0
2386,black,3
2386,draw,0
2380,white,0
2380,black,1
2380,draw,0
2198,white,1
2198,black,1
2198,draw,1
1927,white,6
1927,black,7
1927,draw,0
2239,white,0
2239,black,2
2239,draw,0
1053,white,1
1053,black,1
1053,draw,0
2036,white,4
2036,black,4
2036,draw,2
981,white,1
981,black,0
981,draw,0
2106,white,3
2106,black,1
2106,draw,0
2127,white,1
2127,black,0
2127,draw,0
2135,white,0
2135,black,1
2135,draw,0
2103,white,0
2103,black,0
2103,draw,1
2151,white,2
2151,black,2
2151,draw,0
2185,white,0
2185,black,2
2185,draw,0
1885,white,3
1885,black,1
1885,draw,0
2273,white,0
2273,black,2
2273,draw,0
1969,white,0
1969,black,2
1969,draw,0
1993,white,2
1993,black,3
1993,draw,0
2093,white,1
2093,black,2
2093,draw,0
2286,white,0
2286,black,1
2286,draw,0
2149,white,4
2149,black,0
2149,draw,1
2161,white,1
2161,black,3
2161,draw,0
2119,white,3
2119,black,2
2119,draw,0
2231,white,1
2231,black,0
2231,draw,0
2255,white,1
2255,black,1
2255,draw,0
2270,white,1
2270,black,0
2270,draw,0
2154,white,1
2154,black,0
2154,draw,2
2027,white,0
2027,black,3
2027,draw,0
2271,white,1
2271,black,0
2271,draw,0
2159,white,2
2159,black,0
2159,draw,0
2416,white,0
2416,black,0
2416,draw,1
2382,white,0
2382,black,1
2382,draw,0
2313,white,0
2313,black,1
2313,draw,0
2111,white,1
2111,black,0
2111,draw,0
1109,white,1
1109,black,0
1109,draw,0
995,white,1
995,black,0
995,draw,0
2289,white,1
2289,black,1
2289,draw,0
2091,white,1
2091,black,2
2091,draw,2
2015,white,2
2015,black,1
2015,draw,0
947,white,0
947,black,1
947,draw,0
904,white,1
904,black,0
904,draw,0
994,white,0
994,black,1
994,draw,0
1032,white,1
1032,black,0
1032,draw,0
2320,white,0
2320,black,0
2320,draw,4
2250,white,0
2250,black,0
2250,draw,2
2252,white,1
2252,black,2
2252,draw,0
1309,white,0
1309,black,1
1309,draw,0
2307,white,0
2307,black,1
2307,draw,0
2306,white,1
2306,black,1
2306,draw,0
967,white,1
967,black,0
967,draw,0
2341,white,0
2341,black,1
2341,draw,0
2352,white,1
2352,black,0
2352,draw,0
2232,white,0
2232,black,0
2232,draw,1
2262,white,1
2262,black,1
2262,draw,0
2141,white,1
2141,black,0
2141,draw,0
2210,white,0
2210,black,2
2210,draw,0
2287,white,1
2287,black,0
2287,draw,0
2059,white,1
2059,black,1
2059,draw,0
2171,white,0
2171,black,1
2171,draw,0
2291,white,1
2291,black,0
2291,draw,0
2310,white,0
2310,black,2
2310,draw,0
2311,white,1
2311,black,0
2311,draw,0
2263,white,1
2263,black,0
2263,draw,0
2257,white,1
2257,black,0
2257,draw,0
2299,white,1
2299,black,0
2299,draw,0
2139,white,1
2139,black,0
2139,draw,0
2338,white,0
2338,black,1
2338,draw,0
2236,white,1
2236,black,0
2236,draw,0
1143,white,1
1143,black,1
1143,draw,0
2131,white,2
2131,black,0
2131,draw,0
2095,white,0
2095,black,1
2095,draw,0
1957,white,1
1957,black,1
1957,draw,0
2228,white,1
2228,black,0
2228,draw,0
2137,white,0
2137,black,1
2137,draw,0
2275,white,0
2275,black,1
2275,draw,0
2238,white,1
2238,black,0
2238,draw,0
2414,white,1
2414,black,0
2414,draw,0
2049,white,1
2049,black,0
2049,draw,0
1093,white,0
1093,black,1
1093,draw,0
998,white,0
998,black,1
998,draw,0
2143,white,0
2143,black,1
2143,draw,0
946,white,1
946,black,0
946,draw,0
925,white,1
925,black,0
925,draw,0
