rating_diff,player,promote_to,count
54,white,rook,0
54,white,bishop,0
54,white,knight,0
54,white,queen,10
54,black,rook,0
54,black,bishop,0
54,black,knight,0
54,black,queen,12
172,white,rook,1
172,white,bishop,0
172,white,knight,0
172,white,queen,2
172,black,rook,0
172,black,bishop,0
172,black,knight,0
172,black,queen,1
206,white,rook,0
206,white,bishop,0
206,white,knight,0
206,white,queen,4
206,black,rook,0
206,black,bishop,0
206,black,knight,0
206,black,queen,3
263,white,rook,0
263,white,bishop,0
263,white,knight,0
263,white,queen,1
263,black,rook,0
263,black,bishop,0
263,black,knight,0
263,black,queen,1
157,white,rook,0
157,white,bishop,0
157,white,knight,0
157,white,queen,4
157,black,rook,0
157,black,bishop,0
157,black,knight,0
157,black,queen,3
222,white,rook,1
222,white,bishop,0
222,white,knight,0
222,white,queen,2
222,black,rook,0
222,black,bishop,0
222,black,knight,0
222,black,queen,6
259,white,rook,0
259,white,bishop,0
259,white,knight,0
259,white,queen,5
259,black,rook,0
259,black,bishop,0
259,black,knight,0
259,black,queen,3
66,white,rook,0
66,white,bishop,0
66,white,knight,0
66,white,queen,6
66,black,rook,0
66,black,bishop,0
66,black,knight,0
66,black,queen,5
149,white,rook,0
149,white,bishop,0
149,white,knight,0
149,white,queen,3
149,black,rook,0
149,black,bishop,0
149,black,knight,0
149,black,queen,7
73,white,rook,0
73,white,bishop,0
73,white,knight,0
73,white,queen,1
73,black,rook,0
73,black,bishop,0
73,black,knight,0
73,black,queen,7
34,white,rook,1
34,white,bishop,0
34,white,knight,0
34,white,queen,17
34,black,rook,0
34,black,bishop,0
34,black,knight,0
34,black,queen,9
11,white,rook,0
11,white,bishop,3
11,white,knight,0
11,white,queen,5
11,black,rook,0
11,black,bishop,0
11,black,knight,0
11,black,queen,7
252,white,rook,0
252,white,bishop,0
252,white,knight,0
252,white,queen,0
252,black,rook,0
252,black,bishop,0
252,black,knight,0
252,black,queen,4
3,white,rook,0
3,white,bishop,0
3,white,knight,0
3,white,queen,15
3,black,rook,0
3,black,bishop,0
3,black,knight,0
3,black,queen,7
67,white,rook,0
67,white,bishop,0
67,white,knight,0
67,white,queen,6
67,black,rook,0
67,black,bishop,0
67,black,knight,0
67,black,queen,3
23,white,rook,0
23,white,bishop,0
23,white,knight,0
23,white,queen,8
23,black,rook,0
23,black,bishop,0
23,black,knight,0
23,black,queen,11
31,white,rook,0
31,white,bishop,0
31,white,knight,0
31,white,queen,6
31,black,rook,0
31,black,bishop,0
31,black,knight,0
31,black,queen,8
30,white,rook,0
30,white,bishop,0
30,white,knight,0
30,white,queen,7
30,black,rook,0
30,black,bishop,0
30,black,knight,0
30,black,queen,10
27,white,rook,0
27,white,bishop,0
27,white,knight,0
27,white,queen,10
27,black,rook,0
27,black,bishop,0
27,black,knight,0
27,black,queen,8
72,white,rook,0
72,white,bishop,0
72,white,knight,0
72,white,queen,2
72,black,rook,0
72,black,bishop,0
72,black,knight,0
72,black,queen,6
7,white,rook,0
7,white,bishop,0
7,white,knight,0
7,white,queen,7
7,black,rook,0
7,black,bishop,0
7,black,knight,0
7,black,queen,7
26,white,rook,0
26,white,bishop,0
26,white,knight,0
26,white,queen,12
26,black,rook,0
26,black,bishop,0
26,black,knight,0
26,black,queen,11
16,white,rook,1
16,white,bishop,0
16,white,knight,0
16,white,queen,13
16,black,rook,0
16,black,bishop,0
16,black,knight,0
16,black,queen,11
337,white,rook,0
337,white,bishop,0
337,white,knight,0
337,white,queen,2
337,black,rook,0
337,black,bishop,0
337,black,knight,0
337,black,queen,7
56,white,rook,0
56,white,bishop,0
56,white,knight,0
56,white,queen,12
56,black,rook,0
56,black,bishop,0
56,black,knight,0
56,black,queen,11
142,white,rook,0
142,white,bishop,0
142,white,knight,0
142,white,queen,1
142,black,rook,0
142,black,bishop,0
142,black,knight,0
142,black,queen,7
517,white,rook,0
517,white,bishop,0
517,white,knight,0
517,white,queen,0
517,black,rook,0
517,black,bishop,0
517,black,knight,0
517,black,queen,4
205,white,rook,0
205,white,bishop,0
205,white,knight,0
205,white,queen,4
205,black,rook,0
205,black,bishop,0
205,black,knight,0
205,black,queen,5
69,white,rook,0
69,white,bishop,0
69,white,knight,0
69,white,queen,14
69,black,rook,0
69,black,bishop,0
69,black,knight,0
69,black,queen,2
484,white,rook,0
484,white,bishop,0
484,white,knight,0
484,white,queen,1
484,black,rook,0
484,black,bishop,0
484,black,knight,0
484,black,queen,8
166,white,rook,0
166,white,bishop,0
166,white,knight,0
166,white,queen,3
166,black,rook,0
166,black,bishop,0
166,black,knight,0
166,black,queen,7
404,white,rook,0
404,white,bishop,0
404,white,knight,0
404,white,queen,2
404,black,rook,0
404,black,bishop,0
404,black,knight,0
404,black,queen,0
376,white,rook,0
376,white,bishop,0
376,white,knight,0
376,white,queen,2
376,black,rook,0
376,black,bishop,0
376,black,knight,0
376,black,queen,3
2,white,rook,0
2,white,bishop,1
2,white,knight,0
2,white,queen,11
2,black,rook,0
2,black,bishop,0
2,black,knight,0
2,black,queen,14
10,white,rook,0
10,white,bishop,0
10,white,knight,1
10,white,queen,5
10,black,rook,0
10,black,bishop,0
10,black,knight,0
10,black,queen,8
49,white,rook,0
49,white,bishop,0
49,white,knight,0
49,white,queen,7
49,black,rook,0
49,black,bishop,0
49,black,knight,0
49,black,queen,11
1,white,rook,0
1,white,bishop,0
1,white,knight,0
1,white,queen,12
1,black,rook,0
1,black,bishop,0
1,black,knight,0
1,black,queen,13
46,white,rook,1
46,white,bishop,0
46,white,knight,0
46,white,queen,8
46,black,rook,0
46,black,bishop,0
46,black,knight,0
46,black,queen,5
101,white,rook,0
101,white,bishop,0
101,white,knight,0
101,white,queen,8
101,black,rook,0
101,black,bishop,0
101,black,knight,0
101,black,queen,8
50,white,rook,0
50,white,bishop,0
50,white,knight,0
50,white,queen,6
50,black,rook,0
50,black,bishop,0
50,black,knight,0
50,black,queen,6
155,white,rook,0
155,white,bishop,0
155,white,knight,0
155,white,queen,5
155,black,rook,0
155,black,bishop,0
155,black,knight,0
155,black,queen,2
24,white,rook,0
24,white,bishop,0
24,white,knight,0
24,white,queen,9
24,black,rook,1
24,black,bishop,0
24,black,knight,0
24,black,queen,8
5,white,rook,0
5,white,bishop,0
5,white,knight,0
5,white,queen,5
5,black,rook,0
5,black,bishop,0
5,black,knight,0
5,black,queen,17
130,white,rook,0
130,white,bishop,0
130,white,knight,0
130,white,queen,4
130,black,rook,3
130,black,bishop,0
130,black,knight,0
130,black,queen,2
105,white,rook,0
105,white,bishop,0
105,white,knight,0
105,white,queen,2
105,black,rook,0
105,black,bishop,0
105,black,knight,0
105,black,queen,5
13,white,rook,0
13,white,bishop,0
13,white,knight,0
13,white,queen,13
13,black,rook,0
13,black,bishop,0
13,black,knight,0
13,black,queen,10
0,white,rook,0
0,white,bishop,0
0,white,knight,0
0,white,queen,15
0,black,rook,0
0,black,bishop,0
0,black,knight,0
0,black,queen,22
414,white,rook,0
414,white,bishop,0
414,white,knight,0
414,white,queen,2
414,black,rook,0
414,black,bishop,0
414,black,knight,0
414,black,queen,0
20,white,rook,0
20,white,bishop,0
20,white,knight,0
20,white,queen,9
20,black,rook,0
20,black,bishop,0
20,black,knight,0
20,black,queen,5
178,white,rook,0
178,white,bishop,0
178,white,knight,0
178,white,queen,2
178,black,rook,0
178,black,bishop,0
178,black,knight,0
178,black,queen,5
275,white,rook,0
275,white,bishop,0
275,white,knight,0
275,white,queen,3
275,black,rook,0
275,black,bishop,0
275,black,knight,0
275,black,queen,0
146,white,rook,0
146,white,bishop,0
146,white,knight,0
146,white,queen,4
146,black,rook,0
146,black,bishop,1
146,black,knight,0
146,black,queen,2
61,white,rook,1
61,white,bishop,0
61,white,knight,0
61,white,queen,11
61,black,rook,0
61,black,bishop,0
61,black,knight,0
61,black,queen,12
32,white,rook,0
32,white,bishop,0
32,white,knight,0
32,white,queen,7
32,black,rook,1
32,black,bishop,0
32,black,knight,0
32,black,queen,3
398,white,rook,0
398,white,bishop,0
398,white,knight,0
398,white,queen,0
398,black,rook,0
398,black,bishop,0
398,black,knight,0
398,black,queen,2
65,white,rook,0
65,white,bishop,0
65,white,knight,0
65,white,queen,5
65,black,rook,0
65,black,bishop,0
65,black,knight,0
65,black,queen,6
234,white,rook,0
234,white,bishop,0
234,white,knight,0
234,white,queen,3
234,black,rook,0
234,black,bishop,1
234,black,knight,0
234,black,queen,4
207,white,rook,0
207,white,bishop,0
207,white,knight,0
207,white,queen,5
207,black,rook,1
207,black,bishop,0
207,black,knight,0
207,black,queen,3
94,white,rook,0
94,white,bishop,0
94,white,knight,0
94,white,queen,4
94,black,rook,0
94,black,bishop,0
94,black,knight,0
94,black,queen,8
277,white,rook,0
277,white,bishop,0
277,white,knight,0
277,white,queen,4
277,black,rook,0
277,black,bishop,0
277,black,knight,0
277,black,queen,1
588,white,rook,0
588,white,bishop,0
588,white,knight,0
588,white,queen,2
588,black,rook,0
588,black,bishop,0
588,black,knight,0
588,black,queen,1
270,white,rook,0
270,white,bishop,0
270,white,knight,0
270,white,queen,3
270,black,rook,0
270,black,bishop,0
270,black,knight,0
270,black,queen,4
91,white,rook,0
91,white,bishop,0
91,white,knight,0
91,white,queen,2
91,black,rook,0
91,black,bishop,0
91,black,knight,0
91,black,queen,7
39,white,rook,0
39,white,bishop,0
39,white,knight,0
39,white,queen,15
39,black,rook,0
39,black,bishop,0
39,black,knight,0
39,black,queen,10
129,white,rook,0
129,white,bishop,0
129,white,knight,0
129,white,queen,6
129,black,rook,0
129,black,bishop,0
129,black,knight,0
129,black,queen,3
117,white,rook,0
117,white,bishop,0
117,white,knight,1
117,white,queen,1
117,black,rook,0
117,black,bishop,0
117,black,knight,0
117,black,queen,1
140,white,rook,0
140,white,bishop,0
140,white,knight,0
140,white,queen,3
140,black,rook,0
140,black,bishop,0
140,black,knight,0
140,black,queen,3
92,white,rook,0
92,white,bishop,0
92,white,knight,0
92,white,queen,5
92,black,rook,0
92,black,bishop,0
92,black,knight,0
92,black,queen,4
51,white,rook,0
51,white,bishop,0
51,white,knight,1
51,white,queen,8
51,black,rook,0
51,black,bishop,0
51,black,knight,0
51,black,queen,6
37,white,rook,0
37,white,bishop,0
37,white,knight,0
37,white,queen,3
37,black,rook,0
37,black,bishop,1
37,black,knight,2
37,black,queen,8
78,white,rook,0
78,white,bishop,0
78,white,knight,0
78,white,queen,7
78,black,rook,0
78,black,bishop,0
78,black,knight,0
78,black,queen,2
492,white,rook,0
492,white,bishop,0
492,white,knight,0
492,white,queen,0
492,black,rook,0
492,black,bishop,0
492,black,knight,0
492,black,queen,2
351,white,rook,0
351,white,bishop,0
351,white,knight,0
351,white,queen,1
351,black,rook,0
351,black,bishop,0
351,black,knight,0
351,black,queen,1
241,white,rook,0
241,white,bishop,0
241,white,knight,0
241,white,queen,1
241,black,rook,0
241,black,bishop,0
241,black,knight,0
241,black,queen,2
15,white,rook,0
15,white,bishop,0
15,white,knight,0
15,white,queen,9
15,black,rook,0
15,black,bishop,0
15,black,knight,0
15,black,queen,13
445,white,rook,1
445,white,bishop,0
445,white,knight,0
445,white,queen,2
445,black,rook,0
445,black,bishop,0
445,black,knight,0
445,black,queen,0
322,white,rook,0
322,white,bishop,0
322,white,knight,0
322,white,queen,1
322,black,rook,0
322,black,bishop,0
322,black,knight,0
322,black,queen,3
219,white,rook,0
219,white,bishop,1
219,white,knight,0
219,white,queen,4
219,black,rook,0
219,black,bishop,0
219,black,knight,0
219,black,queen,0
21,white,rook,0
21,white,bishop,0
21,white,knight,0
21,white,queen,11
21,black,rook,0
21,black,bishop,0
21,black,knight,0
21,black,queen,14
309,white,rook,0
309,white,bishop,0
309,white,knight,0
309,white,queen,4
309,black,rook,0
309,black,bishop,0
309,black,knight,0
309,black,queen,3
25,white,rook,0
25,white,bishop,0
25,white,knight,0
25,white,queen,12
25,black,rook,0
25,black,bishop,0
25,black,knight,1
25,black,queen,9
184,white,rook,0
184,white,bishop,0
184,white,knight,0
184,white,queen,5
184,black,rook,0
184,black,bishop,0
184,black,knight,0
184,black,queen,2
48,white,rook,0
48,white,bishop,0
48,white,knight,0
48,white,queen,13
48,black,rook,0
48,black,bishop,0
48,black,knight,0
48,black,queen,4
473,white,rook,0
473,white,bishop,0
473,white,knight,0
473,white,queen,1
473,black,rook,0
473,black,bishop,0
473,black,knight,0
473,black,queen,0
200,white,rook,0
200,white,bishop,0
200,white,knight,0
200,white,queen,3
200,black,rook,1
200,black,bishop,0
200,black,knight,0
200,black,queen,4
161,white,rook,0
161,white,bishop,0
161,white,knight,0
161,white,queen,0
161,black,rook,1
161,black,bishop,0
161,black,knight,0
161,black,queen,3
722,white,rook,0
722,white,bishop,0
722,white,knight,0
722,white,queen,1
722,black,rook,0
722,black,bishop,0
722,black,knight,0
722,black,queen,0
153,white,rook,0
153,white,bishop,0
153,white,knight,0
153,white,queen,5
153,black,rook,0
153,black,bishop,0
153,black,knight,0
153,black,queen,2
212,white,rook,0
212,white,bishop,0
212,white,knight,0
212,white,queen,4
212,black,rook,0
212,black,bishop,0
212,black,knight,0
212,black,queen,2
108,white,rook,0
108,white,bishop,0
108,white,knight,0
108,white,queen,16
108,black,rook,0
108,black,bishop,0
108,black,knight,1
108,black,queen,7
191,white,rook,0
191,white,bishop,0
191,white,knight,0
191,white,queen,2
191,black,rook,0
191,black,bishop,0
191,black,knight,0
191,black,queen,2
110,white,rook,0
110,white,bishop,0
110,white,knight,0
110,white,queen,7
110,black,rook,0
110,black,bishop,0
110,black,knight,0
110,black,queen,6
12,white,rook,0
12,white,bishop,0
12,white,knight,0
12,white,queen,15
12,black,rook,1
12,black,bishop,0
12,black,knight,0
12,black,queen,11
74,white,rook,0
74,white,bishop,0
74,white,knight,0
74,white,queen,5
74,black,rook,0
74,black,bishop,0
74,black,knight,0
74,black,queen,11
6,white,rook,0
6,white,bishop,0
6,white,knight,0
6,white,queen,8
6,black,rook,0
6,black,bishop,0
6,black,knight,0
6,black,queen,15
180,white,rook,0
180,white,bishop,0
180,white,knight,0
180,white,queen,3
180,black,rook,0
180,black,bishop,0
180,black,knight,0
180,black,queen,3
138,white,rook,0
138,white,bishop,0
138,white,knight,0
138,white,queen,2
138,black,rook,0
138,black,bishop,0
138,black,knight,0
138,black,queen,4
75,white,rook,0
75,white,bishop,0
75,white,knight,0
75,white,queen,8
75,black,rook,0
75,black,bishop,0
75,black,knight,0
75,black,queen,8
278,white,rook,0
278,white,bishop,0
278,white,knight,0
278,white,queen,5
278,black,rook,0
278,black,bishop,0
278,black,knight,0
278,black,queen,0
22,white,rook,0
22,white,bishop,0
22,white,knight,0
22,white,queen,9
22,black,rook,1
22,black,bishop,0
22,black,knight,0
22,black,queen,4
125,white,rook,0
125,white,bishop,0
125,white,knight,0
125,white,queen,0
125,black,rook,0
125,black,bishop,0
125,black,knight,0
125,black,queen,1
29,white,rook,0
29,white,bishop,0
29,white,knight,0
29,white,queen,8
29,black,rook,0
29,black,bishop,0
29,black,knight,0
29,black,queen,8
246,white,rook,0
246,white,bishop,0
246,white,knight,0
246,white,queen,4
246,black,rook,0
246,black,bishop,0
246,black,knight,0
246,black,queen,3
302,white,rook,1
302,white,bishop,1
302,white,knight,0
302,white,queen,5
302,black,rook,0
302,black,bishop,0
302,black,knight,0
302,black,queen,2
315,white,rook,0
315,white,bishop,0
315,white,knight,0
315,white,queen,2
315,black,rook,0
315,black,bishop,0
315,black,knight,0
315,black,queen,2
80,white,rook,0
80,white,bishop,0
80,white,knight,0
80,white,queen,9
80,black,rook,1
80,black,bishop,0
80,black,knight,0
80,black,queen,8
159,white,rook,0
159,white,bishop,0
159,white,knight,0
159,white,queen,2
159,black,rook,0
159,black,bishop,0
159,black,knight,0
159,black,queen,4
19,white,rook,0
19,white,bishop,0
19,white,knight,0
19,white,queen,6
19,black,rook,0
19,black,bishop,0
19,black,knight,0
19,black,queen,9
201,white,rook,0
201,white,bishop,0
201,white,knight,0
201,white,queen,3
201,black,rook,0
201,black,bishop,0
201,black,knight,0
201,black,queen,5
189,white,rook,0
189,white,bishop,0
189,white,knight,0
189,white,queen,4
189,black,rook,0
189,black,bishop,0
189,black,knight,0
189,black,queen,7
47,white,rook,1
47,white,bishop,0
47,white,knight,0
47,white,queen,4
47,black,rook,0
47,black,bishop,0
47,black,knight,0
47,black,queen,3
321,white,rook,0
321,white,bishop,0
321,white,knight,0
321,white,queen,2
321,black,rook,0
321,black,bishop,0
321,black,knight,0
321,black,queen,1
14,white,rook,1
14,white,bishop,0
14,white,knight,0
14,white,queen,10
14,black,rook,0
14,black,bishop,0
14,black,knight,0
14,black,queen,12
304,white,rook,1
304,white,bishop,0
304,white,knight,0
304,white,queen,1
304,black,rook,0
304,black,bishop,0
304,black,knight,0
304,black,queen,7
131,white,rook,0
131,white,bishop,0
131,white,knight,0
131,white,queen,9
131,black,rook,0
131,black,bishop,0
131,black,knight,0
131,black,queen,0
139,white,rook,0
139,white,bishop,0
139,white,knight,0
139,white,queen,5
139,black,rook,0
139,black,bishop,0
139,black,knight,0
139,black,queen,2
42,white,rook,0
42,white,bishop,0
42,white,knight,0
42,white,queen,7
42,black,rook,0
42,black,bishop,0
42,black,knight,0
42,black,queen,12
98,white,rook,0
98,white,bishop,0
98,white,knight,0
98,white,queen,4
98,black,rook,0
98,black,bishop,0
98,black,knight,0
98,black,queen,5
232,white,rook,0
232,white,bishop,0
232,white,knight,0
232,white,queen,4
232,black,rook,0
232,black,bishop,0
232,black,knight,0
232,black,queen,0
851,white,rook,0
851,white,bishop,0
851,white,knight,0
851,white,queen,0
851,black,rook,0
851,black,bishop,0
851,black,knight,0
851,black,queen,1
41,white,rook,0
41,white,bishop,0
41,white,knight,0
41,white,queen,3
41,black,rook,0
41,black,bishop,0
41,black,knight,0
41,black,queen,4
8,white,rook,1
8,white,bishop,0
8,white,knight,0
8,white,queen,7
8,black,rook,0
8,black,bishop,0
8,black,knight,0
8,black,queen,12
100,white,rook,0
100,white,bishop,0
100,white,knight,0
100,white,queen,4
100,black,rook,0
100,black,bishop,0
100,black,knight,0
100,black,queen,5
33,white,rook,0
33,white,bishop,0
33,white,knight,0
33,white,queen,10
33,black,rook,1
33,black,bishop,0
33,black,knight,0
33,black,queen,12
198,white,rook,0
198,white,bishop,0
198,white,knight,0
198,white,queen,2
198,black,rook,0
198,black,bishop,0
198,black,knight,0
198,black,queen,3
136,white,rook,0
136,white,bishop,0
136,white,knight,0
136,white,queen,4
136,black,rook,0
136,black,bishop,0
136,black,knight,0
136,black,queen,6
594,white,rook,0
594,white,bishop,0
594,white,knight,0
594,white,queen,1
594,black,rook,1
594,black,bishop,0
594,black,knight,0
594,black,queen,0
504,white,rook,0
504,white,bishop,0
504,white,knight,0
504,white,queen,1
504,black,rook,0
504,black,bishop,0
504,black,knight,0
504,black,queen,3
254,white,rook,0
254,white,bishop,0
254,white,knight,0
254,white,queen,4
254,black,rook,0
254,black,bishop,0
254,black,knight,0
254,black,queen,6
632,white,rook,0
632,white,bishop,0
632,white,knight,0
632,white,queen,0
632,black,rook,0
632,black,bishop,0
632,black,knight,0
632,black,queen,1
64,white,rook,0
64,white,bishop,0
64,white,knight,0
64,white,queen,7
64,black,rook,1
64,black,bishop,0
64,black,knight,0
64,black,queen,5
93,white,rook,0
93,white,bishop,0
93,white,knight,0
93,white,queen,1
93,black,rook,0
93,black,bishop,0
93,black,knight,0
93,black,queen,4
44,white,rook,0
44,white,bishop,0
44,white,knight,0
44,white,queen,8
44,black,rook,0
44,black,bishop,0
44,black,knight,0
44,black,queen,7
185,white,rook,0
185,white,bishop,0
185,white,knight,0
185,white,queen,2
185,black,rook,0
185,black,bishop,0
185,black,knight,0
185,black,queen,1
76,white,rook,0
76,white,bishop,1
76,white,knight,0
76,white,queen,8
76,black,rook,0
76,black,bishop,0
76,black,knight,0
76,black,queen,1
203,white,rook,0
203,white,bishop,1
203,white,knight,0
203,white,queen,7
203,black,rook,0
203,black,bishop,0
203,black,knight,0
203,black,queen,3
176,white,rook,0
176,white,bishop,1
176,white,knight,0
176,white,queen,4
176,black,rook,1
176,black,bishop,0
176,black,knight,0
176,black,queen,1
107,white,rook,0
107,white,bishop,0
107,white,knight,0
107,white,queen,2
107,black,rook,0
107,black,bishop,0
107,black,knight,0
107,black,queen,1
242,white,rook,0
242,white,bishop,0
242,white,knight,0
242,white,queen,0
242,black,rook,0
242,black,bishop,0
242,black,knight,0
242,black,queen,1
197,white,rook,0
197,white,bishop,0
197,white,knight,0
197,white,queen,1
197,black,rook,0
197,black,bishop,0
197,black,knight,0
197,black,queen,2
36,white,rook,0
36,white,bishop,0
36,white,knight,0
36,white,queen,19
36,black,rook,0
36,black,bishop,0
36,black,knight,1
36,black,queen,20
137,white,rook,0
137,white,bishop,0
137,white,knight,0
137,white,queen,10
137,black,rook,0
137,black,bishop,0
137,black,knight,0
137,black,queen,3
62,white,rook,0
62,white,bishop,0
62,white,knight,0
62,white,queen,5
62,black,rook,0
62,black,bishop,0
62,black,knight,0
62,black,queen,9
154,white,rook,0
154,white,bishop,0
154,white,knight,0
154,white,queen,6
154,black,rook,0
154,black,bishop,0
154,black,knight,0
154,black,queen,4
70,white,rook,0
70,white,bishop,0
70,white,knight,0
70,white,queen,7
70,black,rook,0
70,black,bishop,0
70,black,knight,0
70,black,queen,9
217,white,rook,1
217,white,bishop,0
217,white,knight,0
217,white,queen,6
217,black,rook,2
217,black,bishop,0
217,black,knight,0
217,black,queen,4
271,white,rook,0
271,white,bishop,0
271,white,knight,0
271,white,queen,3
271,black,rook,0
271,black,bishop,0
271,black,knight,0
271,black,queen,4
53,white,rook,0
53,white,bishop,0
53,white,knight,1
53,white,queen,8
53,black,rook,0
53,black,bishop,0
53,black,knight,0
53,black,queen,5
68,white,rook,0
68,white,bishop,0
68,white,knight,0
68,white,queen,6
68,black,rook,0
68,black,bishop,0
68,black,knight,0
68,black,queen,2
175,white,rook,0
175,white,bishop,0
175,white,knight,0
175,white,queen,7
175,black,rook,0
175,black,bishop,0
175,black,knight,0
175,black,queen,2
135,white,rook,0
135,white,bishop,0
135,white,knight,0
135,white,queen,6
135,black,rook,0
135,black,bishop,1
135,black,knight,0
135,black,queen,8
462,white,rook,0
462,white,bishop,0
462,white,knight,0
462,white,queen,1
462,black,rook,0
462,black,bishop,0
462,black,knight,0
462,black,queen,1
104,white,rook,0
104,white,bishop,0
104,white,knight,0
104,white,queen,9
104,black,rook,0
104,black,bishop,0
104,black,knight,0
104,black,queen,3
9,white,rook,0
9,white,bishop,0
9,white,knight,0
9,white,queen,7
9,black,rook,0
9,black,bishop,0
9,black,knight,0
9,black,queen,8
40,white,rook,1
40,white,bishop,0
40,white,knight,0
40,white,queen,9
40,black,rook,0
40,black,bishop,0
40,black,knight,0
40,black,queen,0
391,white,rook,0
391,white,bishop,0
391,white,knight,0
391,white,queen,2
391,black,rook,0
391,black,bishop,0
391,black,knight,0
391,black,queen,0
77,white,rook,0
77,white,bishop,0
77,white,knight,0
77,white,queen,9
77,black,rook,0
77,black,bishop,0
77,black,knight,0
77,black,queen,3
179,white,rook,0
179,white,bishop,0
179,white,knight,0
179,white,queen,4
179,black,rook,0
179,black,bishop,0
179,black,knight,0
179,black,queen,6
471,white,rook,0
471,white,bishop,0
471,white,knight,0
471,white,queen,1
471,black,rook,0
471,black,bishop,0
471,black,knight,0
471,black,queen,0
626,white,rook,0
626,white,bishop,0
626,white,knight,0
626,white,queen,0
626,black,rook,1
626,black,bishop,0
626,black,knight,0
626,black,queen,0
119,white,rook,0
119,white,bishop,0
119,white,knight,0
119,white,queen,5
119,black,rook,0
119,black,bishop,0
119,black,knight,0
119,black,queen,6
838,white,rook,0
838,white,bishop,0
838,white,knight,0
838,white,queen,0
838,black,rook,0
838,black,bishop,0
838,black,knight,0
838,black,queen,1
890,white,rook,0
890,white,bishop,0
890,white,knight,0
890,white,queen,0
890,black,rook,0
890,black,bishop,0
890,black,knight,0
890,black,queen,2
622,white,rook,0
622,white,bishop,0
622,white,knight,0
622,white,queen,1
622,black,rook,0
622,black,bishop,0
622,black,knight,0
622,black,queen,0
658,white,rook,0
658,white,bishop,0
658,white,knight,0
658,white,queen,0
658,black,rook,0
658,black,bishop,0
658,black,knight,0
658,black,queen,1
718,white,rook,0
718,white,bishop,0
718,white,knight,0
718,white,queen,1
718,black,rook,0
718,black,bishop,0
718,black,knight,0
718,black,queen,0
935,white,rook,0
935,white,bishop,0
935,white,knight,0
935,white,queen,0
935,black,rook,0
935,black,bishop,0
935,black,knight,0
935,black,queen,1
370,white,rook,1
370,white,bishop,0
370,white,knight,0
370,white,queen,3
370,black,rook,0
370,black,bishop,0
370,black,knight,0
370,black,queen,3
186,white,rook,1
186,white,bishop,0
186,white,knight,0
186,white,queen,5
186,black,rook,0
186,black,bishop,0
186,black,knight,0
186,black,queen,2
144,white,rook,0
144,white,bishop,0
144,white,knight,0
144,white,queen,2
144,black,rook,1
144,black,bishop,0
144,black,knight,0
144,black,queen,5
95,white,rook,0
95,white,bishop,0
95,white,knight,0
95,white,queen,11
95,black,rook,0
95,black,bishop,0
95,black,knight,0
95,black,queen,6
349,white,rook,0
349,white,bishop,0
349,white,knight,0
349,white,queen,1
349,black,rook,0
349,black,bishop,0
349,black,knight,0
349,black,queen,1
143,white,rook,0
143,white,bishop,0
143,white,knight,0
143,white,queen,5
143,black,rook,0
143,black,bishop,0
143,black,knight,0
143,black,queen,3
830,white,rook,0
830,white,bishop,0
830,white,knight,0
830,white,queen,1
830,black,rook,0
830,black,bishop,0
830,black,knight,0
830,black,queen,0
208,white,rook,0
208,white,bishop,0
208,white,knight,1
208,white,queen,4
208,black,rook,0
208,black,bishop,0
208,black,knight,0
208,black,queen,5
486,white,rook,0
486,white,bishop,0
486,white,knight,0
486,white,queen,1
486,black,rook,0
486,black,bishop,0
486,black,knight,0
486,black,queen,2
45,white,rook,0
45,white,bishop,0
45,white,knight,0
45,white,queen,4
45,black,rook,0
45,black,bishop,0
45,black,knight,0
45,black,queen,7
220,white,rook,0
220,white,bishop,1
220,white,knight,0
220,white,queen,4
220,black,rook,0
220,black,bishop,0
220,black,knight,0
220,black,queen,3
133,white,rook,0
133,white,bishop,0
133,white,knight,0
133,white,queen,6
133,black,rook,0
133,black,bishop,0
133,black,knight,0
133,black,queen,0
1049,white,rook,0
1049,white,bishop,0
1049,white,knight,0
1049,white,queen,0
1049,black,rook,2
1049,black,bishop,0
1049,black,knight,0
1049,black,queen,2
102,white,rook,0
102,white,bishop,0
102,white,knight,0
102,white,queen,5
102,black,rook,0
102,black,bishop,0
102,black,knight,1
102,black,queen,1
57,white,rook,1
57,white,bishop,0
57,white,knight,1
57,white,queen,12
57,black,rook,0
57,black,bishop,0
57,black,knight,0
57,black,queen,9
4,white,rook,0
4,white,bishop,0
4,white,knight,0
4,white,queen,9
4,black,rook,1
4,black,bishop,0
4,black,knight,0
4,black,queen,6
188,white,rook,0
188,white,bishop,0
188,white,knight,0
188,white,queen,5
188,black,rook,0
188,black,bishop,0
188,black,knight,0
188,black,queen,5
801,white,rook,0
801,white,bishop,0
801,white,knight,0
801,white,queen,1
801,black,rook,0
801,black,bishop,0
801,black,knight,0
801,black,queen,0
35,white,rook,0
35,white,bishop,0
35,white,knight,0
35,white,queen,5
35,black,rook,0
35,black,bishop,0
35,black,knight,0
35,black,queen,11
112,white,rook,0
112,white,bishop,0
112,white,knight,0
112,white,queen,5
112,black,rook,0
112,black,bishop,0
112,black,knight,0
112,black,queen,2
82,white,rook,0
82,white,bishop,0
82,white,knight,0
82,white,queen,11
82,black,rook,1
82,black,bishop,0
82,black,knight,0
82,black,queen,9
421,white,rook,0
421,white,bishop,0
421,white,knight,0
421,white,queen,1
421,black,rook,0
421,black,bishop,0
421,black,knight,0
421,black,queen,1
218,white,rook,1
218,white,bishop,0
218,white,knight,1
218,white,queen,1
218,black,rook,0
218,black,bishop,0
218,black,knight,0
218,black,queen,4
359,white,rook,0
359,white,bishop,0
359,white,knight,0
359,white,queen,0
359,black,rook,0
359,black,bishop,0
359,black,knight,0
359,black,queen,1
83,white,rook,0
83,white,bishop,0
83,white,knight,0
83,white,queen,4
83,black,rook,0
83,black,bishop,0
83,black,knight,0
83,black,queen,4
299,white,rook,0
299,white,bishop,0
299,white,knight,0
299,white,queen,6
299,black,rook,0
299,black,bishop,0
299,black,knight,0
299,black,queen,2
114,white,rook,0
114,white,bishop,0
114,white,knight,0
114,white,queen,8
114,black,rook,0
114,black,bishop,0
114,black,knight,0
114,black,queen,1
116,white,rook,0
116,white,bishop,0
116,white,knight,0
116,white,queen,5
116,black,rook,0
116,black,bishop,0
116,black,knight,0
116,black,queen,4
210,white,rook,0
210,white,bishop,0
210,white,knight,0
210,white,queen,0
210,black,rook,0
210,black,bishop,0
210,black,knight,0
210,black,queen,3
460,white,rook,0
460,white,bishop,0
460,white,knight,0
460,white,queen,1
460,black,rook,0
460,black,bishop,0
460,black,knight,0
460,black,queen,1
311,white,rook,0
311,white,bishop,0
311,white,knight,0
311,white,queen,2
311,black,rook,0
311,black,bishop,0
311,black,knight,0
311,black,queen,2
561,white,rook,0
561,white,bishop,0
561,white,knight,0
561,white,queen,0
561,black,rook,0
561,black,bishop,0
561,black,knight,0
561,black,queen,1
320,white,rook,0
320,white,bishop,1
320,white,knight,0
320,white,queen,5
320,black,rook,0
320,black,bishop,0
320,black,knight,0
320,black,queen,1
148,white,rook,0
148,white,bishop,0
148,white,knight,0
148,white,queen,3
148,black,rook,0
148,black,bishop,0
148,black,knight,0
148,black,queen,4
194,white,rook,0
194,white,bishop,0
194,white,knight,0
194,white,queen,2
194,black,rook,0
194,black,bishop,0
194,black,knight,0
194,black,queen,1
52,white,rook,0
52,white,bishop,0
52,white,knight,0
52,white,queen,10
52,black,rook,0
52,black,bishop,0
52,black,knight,0
52,black,queen,7
221,white,rook,0
221,white,bishop,0
221,white,knight,0
221,white,queen,3
221,black,rook,0
221,black,bishop,0
221,black,knight,0
221,black,queen,0
362,white,rook,0
362,white,bishop,0
362,white,knight,0
362,white,queen,2
362,black,rook,0
362,black,bishop,0
362,black,knight,0
362,black,queen,2
239,white,rook,0
239,white,bishop,0
239,white,knight,0
239,white,queen,3
239,black,rook,0
239,black,bishop,0
239,black,knight,0
239,black,queen,1
336,white,rook,0
336,white,bishop,0
336,white,knight,0
336,white,queen,2
336,black,rook,0
336,black,bishop,0
336,black,knight,0
336,black,queen,2
286,white,rook,1
286,white,bishop,0
286,white,knight,0
286,white,queen,4
286,black,rook,0
286,black,bishop,0
286,black,knight,0
286,black,queen,3
591,white,rook,0
591,white,bishop,0
591,white,knight,0
591,white,queen,1
591,black,rook,0
591,black,bishop,0
591,black,knight,0
591,black,queen,0
617,white,rook,0
617,white,bishop,0
617,white,knight,0
617,white,queen,1
617,black,rook,0
617,black,bishop,0
617,black,knight,0
617,black,queen,4
228,white,rook,0
228,white,bishop,0
228,white,knight,0
228,white,queen,4
228,black,rook,0
228,black,bishop,0
228,black,knight,0
228,black,queen,5
147,white,rook,0
147,white,bishop,0
147,white,knight,0
147,white,queen,3
147,black,rook,0
147,black,bishop,0
147,black,knight,1
147,black,queen,7
417,white,rook,0
417,white,bishop,0
417,white,knight,0
417,white,queen,4
417,black,rook,0
417,black,bishop,0
417,black,knight,0
417,black,queen,0
406,white,rook,0
406,white,bishop,0
406,white,knight,0
406,white,queen,2
406,black,rook,0
406,black,bishop,0
406,black,knight,0
406,black,queen,1
235,white,rook,1
235,white,bishop,0
235,white,knight,0
235,white,queen,4
235,black,rook,0
235,black,bishop,0
235,black,knight,0
235,black,queen,1
145,white,rook,0
145,white,bishop,0
145,white,knight,0
145,white,queen,5
145,black,rook,0
145,black,bishop,0
145,black,knight,0
145,black,queen,2
405,white,rook,0
405,white,bishop,0
405,white,knight,0
405,white,queen,1
405,black,rook,0
405,black,bishop,0
405,black,knight,0
405,black,queen,1
151,white,rook,0
151,white,bishop,0
151,white,knight,0
151,white,queen,5
151,black,rook,0
151,black,bishop,0
151,black,knight,0
151,black,queen,2
204,white,rook,0
204,white,bishop,0
204,white,knight,0
204,white,queen,4
204,black,rook,0
204,black,bishop,0
204,black,knight,0
204,black,queen,3
356,white,rook,0
356,white,bishop,0
356,white,knight,0
356,white,queen,1
356,black,rook,0
356,black,bishop,0
356,black,knight,0
356,black,queen,0
266,white,rook,0
266,white,bishop,0
266,white,knight,0
266,white,queen,3
266,black,rook,0
266,black,bishop,0
266,black,knight,0
266,black,queen,3
245,white,rook,0
245,white,bishop,0
245,white,knight,0
245,white,queen,3
245,black,rook,0
245,black,bishop,0
245,black,knight,0
245,black,queen,0
326,white,rook,0
326,white,bishop,0
326,white,knight,0
326,white,queen,0
326,black,rook,0
326,black,bishop,0
326,black,knight,0
326,black,queen,2
152,white,rook,0
152,white,bishop,0
152,white,knight,0
152,white,queen,7
152,black,rook,0
152,black,bishop,0
152,black,knight,0
152,black,queen,7
430,white,rook,0
430,white,bishop,0
430,white,knight,0
430,white,queen,4
430,black,rook,0
430,black,bishop,0
430,black,knight,0
430,black,queen,0
182,white,rook,0
182,white,bishop,0
182,white,knight,0
182,white,queen,3
182,black,rook,0
182,black,bishop,0
182,black,knight,0
182,black,queen,1
255,white,rook,0
255,white,bishop,0
255,white,knight,0
255,white,queen,0
255,black,rook,1
255,black,bishop,0
255,black,knight,0
255,black,queen,0
18,white,rook,0
18,white,bishop,0
18,white,knight,0
18,white,queen,8
18,black,rook,0
18,black,bishop,0
18,black,knight,0
18,black,queen,7
536,white,rook,0
536,white,bishop,0
536,white,knight,0
536,white,queen,2
536,black,rook,0
536,black,bishop,0
536,black,knight,0
536,black,queen,0
111,white,rook,0
111,white,bishop,0
111,white,knight,0
111,white,queen,6
111,black,rook,0
111,black,bishop,0
111,black,knight,0
111,black,queen,4
397,white,rook,0
397,white,bishop,0
397,white,knight,0
397,white,queen,2
397,black,rook,0
397,black,bishop,0
397,black,knight,0
397,black,queen,1
181,white,rook,0
181,white,bishop,0
181,white,knight,0
181,white,queen,0
181,black,rook,0
181,black,bishop,0
181,black,knight,0
181,black,queen,2
202,white,rook,0
202,white,bishop,0
202,white,knight,0
202,white,queen,3
202,black,rook,0
202,black,bishop,0
202,black,knight,0
202,black,queen,6
158,white,rook,0
158,white,bishop,0
158,white,knight,1
158,white,queen,4
158,black,rook,0
158,black,bishop,0
158,black,knight,0
158,black,queen,3
84,white,rook,0
84,white,bishop,0
84,white,knight,0
84,white,queen,6
84,black,rook,0
84,black,bishop,0
84,black,knight,0
84,black,queen,6
81,white,rook,0
81,white,bishop,0
81,white,knight,0
81,white,queen,5
81,black,rook,0
81,black,bishop,0
81,black,knight,0
81,black,queen,6
79,white,rook,0
79,white,bishop,0
79,white,knight,0
79,white,queen,3
79,black,rook,0
79,black,bishop,0
79,black,knight,0
79,black,queen,6
43,white,rook,0
43,white,bishop,0
43,white,knight,0
43,white,queen,8
43,black,rook,0
43,black,bishop,0
43,black,knight,0
43,black,queen,10
59,white,rook,0
59,white,bishop,0
59,white,knight,0
59,white,queen,6
59,black,rook,0
59,black,bishop,0
59,black,knight,0
59,black,queen,6
540,white,rook,0
540,white,bishop,0
540,white,knight,0
540,white,queen,2
540,black,rook,0
540,black,bishop,0
540,black,knight,0
540,black,queen,0
268,white,rook,0
268,white,bishop,0
268,white,knight,0
268,white,queen,3
268,black,rook,0
268,black,bishop,0
268,black,knight,0
268,black,queen,1
86,white,rook,0
86,white,bishop,0
86,white,knight,0
86,white,queen,7
86,black,rook,0
86,black,bishop,0
86,black,knight,0
86,black,queen,2
150,white,rook,0
150,white,bishop,0
150,white,knight,0
150,white,queen,1
150,black,rook,0
150,black,bishop,0
150,black,knight,0
150,black,queen,7
386,white,rook,0
386,white,bishop,0
386,white,knight,0
386,white,queen,2
386,black,rook,0
386,black,bishop,0
386,black,knight,0
386,black,queen,0
513,white,rook,0
513,white,bishop,0
513,white,knight,0
513,white,queen,1
513,black,rook,0
513,black,bishop,0
513,black,knight,0
513,black,queen,1
366,white,rook,0
366,white,bishop,0
366,white,knight,0
366,white,queen,4
366,black,rook,0
366,black,bishop,0
366,black,knight,0
366,black,queen,5
229,white,rook,0
229,white,bishop,0
229,white,knight,0
229,white,queen,1
229,black,rook,0
229,black,bishop,0
229,black,knight,0
229,black,queen,7
1001,white,rook,0
1001,white,bishop,0
1001,white,knight,0
1001,white,queen,1
1001,black,rook,0
1001,black,bishop,0
1001,black,knight,0
1001,black,queen,0
124,white,rook,1
124,white,bishop,0
124,white,knight,0
124,white,queen,3
124,black,rook,0
124,black,bishop,0
124,black,knight,0
124,black,queen,4
410,white,rook,0
410,white,bishop,0
410,white,knight,0
410,white,queen,2
410,black,rook,0
410,black,bishop,0
410,black,knight,0
410,black,queen,0
279,white,rook,0
279,white,bishop,0
279,white,knight,0
279,white,queen,2
279,black,rook,0
279,black,bishop,0
279,black,knight,0
279,black,queen,3
519,white,rook,0
519,white,bishop,0
519,white,knight,0
519,white,queen,0
519,black,rook,0
519,black,bishop,0
519,black,knight,0
519,black,queen,1
134,white,rook,0
134,white,bishop,0
134,white,knight,0
134,white,queen,3
134,black,rook,0
134,black,bishop,0
134,black,knight,0
134,black,queen,6
269,white,rook,0
269,white,bishop,0
269,white,knight,0
269,white,queen,3
269,black,rook,0
269,black,bishop,0
269,black,knight,0
269,black,queen,4
498,white,rook,0
498,white,bishop,0
498,white,knight,0
498,white,queen,0
498,black,rook,0
498,black,bishop,0
498,black,knight,0
498,black,queen,1
177,white,rook,0
177,white,bishop,0
177,white,knight,1
177,white,queen,2
177,black,rook,0
177,black,bishop,0
177,black,knight,0
177,black,queen,3
260,white,rook,0
260,white,bishop,0
260,white,knight,0
260,white,queen,3
260,black,rook,0
260,black,bishop,0
260,black,knight,0
260,black,queen,1
257,white,rook,0
257,white,bishop,0
257,white,knight,1
257,white,queen,4
257,black,rook,0
257,black,bishop,0
257,black,knight,0
257,black,queen,0
115,white,rook,0
115,white,bishop,0
115,white,knight,0
115,white,queen,4
115,black,rook,0
115,black,bishop,0
115,black,knight,0
115,black,queen,3
213,white,rook,0
213,white,bishop,0
213,white,knight,0
213,white,queen,1
213,black,rook,0
213,black,bishop,0
213,black,knight,0
213,black,queen,5
28,white,rook,0
28,white,bishop,0
28,white,knight,0
28,white,queen,8
28,black,rook,0
28,black,bishop,0
28,black,knight,1
28,black,queen,7
814,white,rook,0
814,white,bishop,0
814,white,knight,0
814,white,queen,0
814,black,rook,0
814,black,bishop,0
814,black,knight,0
814,black,queen,1
350,white,rook,1
350,white,bishop,0
350,white,knight,0
350,white,queen,0
350,black,rook,0
350,black,bishop,0
350,black,knight,0
350,black,queen,3
560,white,rook,0
560,white,bishop,0
560,white,knight,0
560,white,queen,1
560,black,rook,0
560,black,bishop,0
560,black,knight,0
560,black,queen,1
431,white,rook,1
431,white,bishop,0
431,white,knight,0
431,white,queen,0
431,black,rook,0
431,black,bishop,0
431,black,knight,0
431,black,queen,1
262,white,rook,0
262,white,bishop,0
262,white,knight,0
262,white,queen,1
262,black,rook,0
262,black,bishop,0
262,black,knight,0
262,black,queen,1
17,white,rook,0
17,white,bishop,0
17,white,knight,0
17,white,queen,10
17,black,rook,2
17,black,bishop,0
17,black,knight,0
17,black,queen,6
58,white,rook,0
58,white,bishop,0
58,white,knight,0
58,white,queen,1
58,black,rook,0
58,black,bishop,0
58,black,knight,0
58,black,queen,4
87,white,rook,0
87,white,bishop,0
87,white,knight,0
87,white,queen,7
87,black,rook,0
87,black,bishop,0
87,black,knight,0
87,black,queen,8
71,white,rook,0
71,white,bishop,0
71,white,knight,0
71,white,queen,11
71,black,rook,0
71,black,bishop,0
71,black,knight,0
71,black,queen,5
230,white,rook,0
230,white,bishop,0
230,white,knight,0
230,white,queen,1
230,black,rook,0
230,black,bishop,0
230,black,knight,0
230,black,queen,0
289,white,rook,0
289,white,bishop,0
289,white,knight,0
289,white,queen,0
289,black,rook,0
289,black,bishop,0
289,black,knight,0
289,black,queen,4
85,white,rook,0
85,white,bishop,0
85,white,knight,0
85,white,queen,5
85,black,rook,0
85,black,bishop,0
85,black,knight,0
85,black,queen,4
465,white,rook,0
465,white,bishop,0
465,white,knight,0
465,white,queen,1
465,black,rook,0
465,black,bishop,0
465,black,knight,0
465,black,queen,0
333,white,rook,0
333,white,bishop,0
333,white,knight,0
333,white,queen,0
333,black,rook,1
333,black,bishop,0
333,black,knight,0
333,black,queen,1
409,white,rook,0
409,white,bishop,0
409,white,knight,0
409,white,queen,1
409,black,rook,0
409,black,bishop,0
409,black,knight,0
409,black,queen,0
390,white,rook,0
390,white,bishop,0
390,white,knight,0
390,white,queen,3
390,black,rook,0
390,black,bishop,0
390,black,knight,0
390,black,queen,0
330,white,rook,0
330,white,bishop,0
330,white,knight,0
330,white,queen,4
330,black,rook,0
330,black,bishop,0
330,black,knight,0
330,black,queen,2
128,white,rook,0
128,white,bishop,0
128,white,knight,0
128,white,queen,6
128,black,rook,0
128,black,bishop,0
128,black,knight,0
128,black,queen,5
248,white,rook,0
248,white,bishop,0
248,white,knight,0
248,white,queen,2
248,black,rook,0
248,black,bishop,0
248,black,knight,0
248,black,queen,0
545,white,rook,0
545,white,bishop,0
545,white,knight,0
545,white,queen,0
545,black,rook,0
545,black,bishop,0
545,black,knight,0
545,black,queen,1
327,white,rook,0
327,white,bishop,0
327,white,knight,0
327,white,queen,2
327,black,rook,0
327,black,bishop,0
327,black,knight,0
327,black,queen,5
372,white,rook,0
372,white,bishop,0
372,white,knight,0
372,white,queen,3
372,black,rook,0
372,black,bishop,0
372,black,knight,0
372,black,queen,1
448,white,rook,0
448,white,bishop,0
448,white,knight,0
448,white,queen,1
448,black,rook,0
448,black,bishop,0
448,black,knight,0
448,black,queen,0
564,white,rook,0
564,white,bishop,0
564,white,knight,0
564,white,queen,1
564,black,rook,0
564,black,bishop,0
564,black,knight,0
564,black,queen,0
126,white,rook,0
126,white,bishop,0
126,white,knight,0
126,white,queen,1
126,black,rook,0
126,black,bishop,0
126,black,knight,0
126,black,queen,1
945,white,rook,0
945,white,bishop,0
945,white,knight,0
945,white,queen,1
945,black,rook,0
945,black,bishop,0
945,black,knight,0
945,black,queen,0
467,white,rook,0
467,white,bishop,0
467,white,knight,0
467,white,queen,0
467,black,rook,0
467,black,bishop,0
467,black,knight,0
467,black,queen,1
441,white,rook,0
441,white,bishop,0
441,white,knight,0
441,white,queen,0
441,black,rook,1
441,black,bishop,0
441,black,knight,0
441,black,queen,0
264,white,rook,0
264,white,bishop,0
264,white,knight,0
264,white,queen,2
264,black,rook,0
264,black,bishop,0
264,black,knight,0
264,black,queen,2
459,white,rook,0
459,white,bishop,0
459,white,knight,0
459,white,queen,0
459,black,rook,0
459,black,bishop,0
459,black,knight,0
459,black,queen,1
400,white,rook,0
400,white,bishop,0
400,white,knight,0
400,white,queen,1
400,black,rook,0
400,black,bishop,0
400,black,knight,0
400,black,queen,2
344,white,rook,0
344,white,bishop,0
344,white,knight,0
344,white,queen,1
344,black,rook,0
344,black,bishop,0
344,black,knight,0
344,black,queen,0
374,white,rook,0
374,white,bishop,0
374,white,knight,0
374,white,queen,1
374,black,rook,0
374,black,bishop,0
374,black,knight,0
374,black,queen,1
168,white,rook,0
168,white,bishop,0
168,white,knight,0
168,white,queen,0
168,black,rook,1
168,black,bishop,0
168,black,knight,0
168,black,queen,2
319,white,rook,0
319,white,bishop,0
319,white,knight,0
319,white,queen,1
319,black,rook,0
319,black,bishop,0
319,black,knight,0
319,black,queen,1
118,white,rook,0
118,white,bishop,0
118,white,knight,0
118,white,queen,1
118,black,rook,1
118,black,bishop,0
118,black,knight,0
118,black,queen,5
378,white,rook,0
378,white,bishop,0
378,white,knight,0
378,white,queen,0
378,black,rook,0
378,black,bishop,0
378,black,knight,0
378,black,queen,1
89,white,rook,1
89,white,bishop,0
89,white,knight,0
89,white,queen,12
89,black,rook,0
89,black,bishop,0
89,black,knight,0
89,black,queen,6
63,white,rook,0
63,white,bishop,0
63,white,knight,0
63,white,queen,6
63,black,rook,0
63,black,bishop,0
63,black,knight,0
63,black,queen,6
373,white,rook,1
373,white,bishop,0
373,white,knight,0
373,white,queen,0
373,black,rook,0
373,black,bishop,0
373,black,knight,0
373,black,queen,1
196,white,rook,0
196,white,bishop,0
196,white,knight,0
196,white,queen,1
196,black,rook,0
196,black,bishop,0
196,black,knight,0
196,black,queen,2
238,white,rook,0
238,white,bishop,0
238,white,knight,0
238,white,queen,6
238,black,rook,0
238,black,bishop,0
238,black,knight,0
238,black,queen,3
274,white,rook,0
274,white,bishop,0
274,white,knight,0
274,white,queen,5
274,black,rook,0
274,black,bishop,0
274,black,knight,0
274,black,queen,2
224,white,rook,0
224,white,bishop,0
224,white,knight,0
224,white,queen,5
224,black,rook,0
224,black,bishop,0
224,black,knight,0
224,black,queen,1
231,white,rook,0
231,white,bishop,0
231,white,knight,0
231,white,queen,3
231,black,rook,0
231,black,bishop,0
231,black,knight,0
231,black,queen,1
113,white,rook,0
113,white,bishop,0
113,white,knight,0
113,white,queen,3
113,black,rook,0
113,black,bishop,0
113,black,knight,0
113,black,queen,3
163,white,rook,0
163,white,bishop,0
163,white,knight,0
163,white,queen,1
163,black,rook,0
163,black,bishop,0
163,black,knight,0
163,black,queen,3
195,white,rook,1
195,white,bishop,0
195,white,knight,0
195,white,queen,2
195,black,rook,0
195,black,bishop,0
195,black,knight,0
195,black,queen,3
977,white,rook,0
977,white,bishop,0
977,white,knight,0
977,white,queen,2
977,black,rook,0
977,black,bishop,0
977,black,knight,0
977,black,queen,0
341,white,rook,0
341,white,bishop,0
341,white,knight,0
341,white,queen,1
341,black,rook,0
341,black,bishop,0
341,black,knight,0
341,black,queen,1
97,white,rook,0
97,white,bishop,0
97,white,knight,0
97,white,queen,0
97,black,rook,0
97,black,bishop,0
97,black,knight,0
97,black,queen,6
339,white,rook,0
339,white,bishop,0
339,white,knight,0
339,white,queen,2
339,black,rook,0
339,black,bishop,0
339,black,knight,0
339,black,queen,4
88,white,rook,1
88,white,bishop,0
88,white,knight,0
88,white,queen,5
88,black,rook,0
88,black,bishop,0
88,black,knight,0
88,black,queen,6
156,white,rook,0
156,white,bishop,0
156,white,knight,0
156,white,queen,3
156,black,rook,0
156,black,bishop,0
156,black,knight,0
156,black,queen,1
419,white,rook,0
419,white,bishop,0
419,white,knight,0
419,white,queen,2
419,black,rook,1
419,black,bishop,0
419,black,knight,0
419,black,queen,2
106,white,rook,0
106,white,bishop,0
106,white,knight,0
106,white,queen,6
106,black,rook,1
106,black,bishop,0
106,black,knight,0
106,black,queen,5
420,white,rook,0
420,white,bishop,0
420,white,knight,0
420,white,queen,0
420,black,rook,0
420,black,bishop,0
420,black,knight,0
420,black,queen,1
479,white,rook,0
479,white,bishop,0
479,white,knight,0
479,white,queen,1
479,black,rook,0
479,black,bishop,0
479,black,knight,0
479,black,queen,0
324,white,rook,0
324,white,bishop,0
324,white,knight,0
324,white,queen,0
324,black,rook,0
324,black,bishop,0
324,black,knight,0
324,black,queen,2
303,white,rook,0
303,white,bishop,0
303,white,knight,0
303,white,queen,3
303,black,rook,0
303,black,bishop,0
303,black,knight,0
303,black,queen,0
621,white,rook,0
621,white,bishop,0
621,white,knight,0
621,white,queen,0
621,black,rook,1
621,black,bishop,0
621,black,knight,0
621,black,queen,0
96,white,rook,0
96,white,bishop,0
96,white,knight,0
96,white,queen,4
96,black,rook,0
96,black,bishop,0
96,black,knight,0
96,black,queen,4
253,white,rook,0
253,white,bishop,0
253,white,knight,0
253,white,queen,2
253,black,rook,2
253,black,bishop,1
253,black,knight,0
253,black,queen,1
548,white,rook,0
548,white,bishop,0
548,white,knight,0
548,white,queen,0
548,black,rook,0
548,black,bishop,0
548,black,knight,0
548,black,queen,1
162,white,rook,0
162,white,bishop,0
162,white,knight,0
162,white,queen,2
162,black,rook,0
162,black,bishop,0
162,black,knight,0
162,black,queen,3
265,white,rook,0
265,white,bishop,0
265,white,knight,0
265,white,queen,0
265,black,rook,0
265,black,bishop,0
265,black,knight,0
265,black,queen,4
343,white,rook,0
343,white,bishop,0
343,white,knight,0
343,white,queen,3
343,black,rook,0
343,black,bishop,0
343,black,knight,0
343,black,queen,3
187,white,rook,0
187,white,bishop,0
187,white,knight,0
187,white,queen,3
187,black,rook,0
187,black,bishop,0
187,black,knight,0
187,black,queen,0
523,white,rook,0
523,white,bishop,0
523,white,knight,0
523,white,queen,1
523,black,rook,0
523,black,bishop,0
523,black,knight,0
523,black,queen,0
518,white,rook,0
518,white,bishop,0
518,white,knight,0
518,white,queen,1
518,black,rook,0
518,black,bishop,0
518,black,knight,0
518,black,queen,0
249,white,rook,0
249,white,bishop,0
249,white,knight,0
249,white,queen,0
249,black,rook,0
249,black,bishop,0
249,black,knight,0
249,black,queen,1
401,white,rook,0
401,white,bishop,0
401,white,knight,0
401,white,queen,0
401,black,rook,0
401,black,bishop,0
401,black,knight,0
401,black,queen,1
169,white,rook,0
169,white,bishop,0
169,white,knight,0
169,white,queen,3
169,black,rook,0
169,black,bishop,0
169,black,knight,0
169,black,queen,2
281,white,rook,0
281,white,bishop,0
281,white,knight,1
281,white,queen,4
281,black,rook,0
281,black,bishop,0
281,black,knight,0
281,black,queen,2
109,white,rook,0
109,white,bishop,0
109,white,knight,0
109,white,queen,5
109,black,rook,0
109,black,bishop,0
109,black,knight,0
109,black,queen,2
190,white,rook,0
190,white,bishop,0
190,white,knight,0
190,white,queen,1
190,black,rook,0
190,black,bishop,1
190,black,knight,0
190,black,queen,5
120,white,rook,0
120,white,bishop,0
120,white,knight,0
120,white,queen,3
120,black,rook,0
120,black,bishop,0
120,black,knight,0
120,black,queen,0
38,white,rook,0
38,white,bishop,0
38,white,knight,0
38,white,queen,5
38,black,rook,0
38,black,bishop,0
38,black,knight,0
38,black,queen,8
121,white,rook,0
121,white,bishop,0
121,white,knight,0
121,white,queen,3
121,black,rook,0
121,black,bishop,0
121,black,knight,0
121,black,queen,4
193,white,rook,0
193,white,bishop,0
193,white,knight,0
193,white,queen,7
193,black,rook,0
193,black,bishop,0
193,black,knight,0
193,black,queen,3
282,white,rook,0
282,white,bishop,0
282,white,knight,0
282,white,queen,1
282,black,rook,0
282,black,bishop,0
282,black,knight,0
282,black,queen,1
164,white,rook,0
164,white,bishop,0
164,white,knight,0
164,white,queen,0
164,black,rook,1
164,black,bishop,0
164,black,knight,0
164,black,queen,2
283,white,rook,0
283,white,bishop,0
283,white,knight,0
283,white,queen,1
283,black,rook,0
283,black,bishop,0
283,black,knight,0
283,black,queen,2
325,white,rook,0
325,white,bishop,0
325,white,knight,0
325,white,queen,2
325,black,rook,0
325,black,bishop,2
325,black,knight,0
325,black,queen,0
521,white,rook,0
521,white,bishop,0
521,white,knight,0
521,white,queen,0
521,black,rook,0
521,black,bishop,0
521,black,knight,0
521,black,queen,1
357,white,rook,0
357,white,bishop,0
357,white,knight,0
357,white,queen,0
357,black,rook,0
357,black,bishop,0
357,black,knight,0
357,black,queen,2
272,white,rook,0
272,white,bishop,0
272,white,knight,0
272,white,queen,2
272,black,rook,0
272,black,bishop,0
272,black,knight,0
272,black,queen,2
173,white,rook,0
173,white,bishop,0
173,white,knight,0
173,white,queen,4
173,black,rook,0
173,black,bishop,0
173,black,knight,0
173,black,queen,0
127,white,rook,0
127,white,bishop,0
127,white,knight,0
127,white,queen,2
127,black,rook,0
127,black,bishop,0
127,black,knight,0
127,black,queen,6
292,white,rook,0
292,white,bishop,0
292,white,knight,0
292,white,queen,2
292,black,rook,0
292,black,bishop,0
292,black,knight,0
292,black,queen,3
538,white,rook,0
538,white,bishop,0
538,white,knight,0
538,white,queen,0
538,black,rook,0
538,black,bishop,0
538,black,knight,0
538,black,queen,2
355,white,rook,0
355,white,bishop,0
355,white,knight,0
355,white,queen,2
355,black,rook,0
355,black,bishop,0
355,black,knight,0
355,black,queen,0
273,white,rook,0
273,white,bishop,0
273,white,knight,0
273,white,queen,1
273,black,rook,0
273,black,bishop,0
273,black,knight,0
273,black,queen,0
209,white,rook,0
209,white,bishop,0
209,white,knight,0
209,white,queen,0
209,black,rook,0
209,black,bishop,0
209,black,knight,0
209,black,queen,4
686,white,rook,0
686,white,bishop,0
686,white,knight,0
686,white,queen,0
686,black,rook,0
686,black,bishop,1
686,black,knight,0
686,black,queen,1
499,white,rook,0
499,white,bishop,0
499,white,knight,0
499,white,queen,4
499,black,rook,0
499,black,bishop,0
499,black,knight,0
499,black,queen,2
323,white,rook,0
323,white,bishop,0
323,white,knight,0
323,white,queen,3
323,black,rook,0
323,black,bishop,0
323,black,knight,0
323,black,queen,3
310,white,rook,0
310,white,bishop,0
310,white,knight,0
310,white,queen,0
310,black,rook,0
310,black,bishop,0
310,black,knight,0
310,black,queen,3
911,white,rook,0
911,white,bishop,0
911,white,knight,0
911,white,queen,0
911,black,rook,0
911,black,bishop,0
911,black,knight,0
911,black,queen,1
726,white,rook,0
726,white,bishop,0
726,white,knight,0
726,white,queen,0
726,black,rook,1
726,black,bishop,0
726,black,knight,0
726,black,queen,0
906,white,rook,0
906,white,bishop,0
906,white,knight,0
906,white,queen,2
906,black,rook,0
906,black,bishop,0
906,black,knight,0
906,black,queen,1
424,white,rook,0
424,white,bishop,0
424,white,knight,0
424,white,queen,0
424,black,rook,0
424,black,bishop,0
424,black,knight,0
424,black,queen,1
301,white,rook,0
301,white,bishop,0
301,white,knight,0
301,white,queen,4
301,black,rook,0
301,black,bishop,0
301,black,knight,0
301,black,queen,1
216,white,rook,0
216,white,bishop,0
216,white,knight,0
216,white,queen,0
216,black,rook,0
216,black,bishop,0
216,black,knight,0
216,black,queen,2
767,white,rook,0
767,white,bishop,0
767,white,knight,0
767,white,queen,0
767,black,rook,0
767,black,bishop,0
767,black,knight,1
767,black,queen,0
555,white,rook,0
555,white,bishop,0
555,white,knight,0
555,white,queen,0
555,black,rook,0
555,black,bishop,0
555,black,knight,0
555,black,queen,1
170,white,rook,0
170,white,bishop,0
170,white,knight,0
170,white,queen,3
170,black,rook,0
170,black,bishop,0
170,black,knight,0
170,black,queen,0
60,white,rook,0
60,white,bishop,0
60,white,knight,0
60,white,queen,3
60,black,rook,0
60,black,bishop,0
60,black,knight,0
60,black,queen,8
688,white,rook,0
688,white,bishop,0
688,white,knight,0
688,white,queen,0
688,black,rook,0
688,black,bishop,0
688,black,knight,0
688,black,queen,1
199,white,rook,0
199,white,bishop,0
199,white,knight,0
199,white,queen,5
199,black,rook,0
199,black,bishop,0
199,black,knight,0
199,black,queen,0
251,white,rook,0
251,white,bishop,0
251,white,knight,0
251,white,queen,0
251,black,rook,0
251,black,bishop,0
251,black,knight,0
251,black,queen,2
422,white,rook,0
422,white,bishop,0
422,white,knight,0
422,white,queen,1
422,black,rook,0
422,black,bishop,0
422,black,knight,0
422,black,queen,1
331,white,rook,0
331,white,bishop,0
331,white,knight,0
331,white,queen,1
331,black,rook,0
331,black,bishop,0
331,black,knight,0
331,black,queen,2
365,white,rook,0
365,white,bishop,0
365,white,knight,0
365,white,queen,3
365,black,rook,0
365,black,bishop,0
365,black,knight,0
365,black,queen,0
438,white,rook,0
438,white,bishop,0
438,white,knight,0
438,white,queen,1
438,black,rook,0
438,black,bishop,0
438,black,knight,0
438,black,queen,0
466,white,rook,0
466,white,bishop,0
466,white,knight,0
466,white,queen,1
466,black,rook,0
466,black,bishop,0
466,black,knight,0
466,black,queen,0
505,white,rook,0
505,white,bishop,0
505,white,knight,0
505,white,queen,0
505,black,rook,0
505,black,bishop,0
505,black,knight,0
505,black,queen,1
353,white,rook,0
353,white,bishop,0
353,white,knight,0
353,white,queen,3
353,black,rook,0
353,black,bishop,0
353,black,knight,0
353,black,queen,0
338,white,rook,0
338,white,bishop,0
338,white,knight,0
338,white,queen,0
338,black,rook,0
338,black,bishop,0
338,black,knight,0
338,black,queen,2
250,white,rook,0
250,white,bishop,0
250,white,knight,0
250,white,queen,1
250,black,rook,0
250,black,bishop,0
250,black,knight,0
250,black,queen,1
345,white,rook,0
345,white,bishop,0
345,white,knight,0
345,white,queen,0
345,black,rook,0
345,black,bishop,0
345,black,knight,0
345,black,queen,3
215,white,rook,0
215,white,bishop,0
215,white,knight,0
215,white,queen,1
215,black,rook,0
215,black,bishop,0
215,black,knight,0
215,black,queen,2
223,white,rook,0
223,white,bishop,0
223,white,knight,0
223,white,queen,10
223,black,rook,0
223,black,bishop,0
223,black,knight,0
223,black,queen,9
334,white,rook,0
334,white,bishop,0
334,white,knight,0
334,white,queen,1
334,black,rook,0
334,black,bishop,0
334,black,knight,0
334,black,queen,0
165,white,rook,0
165,white,bishop,0
165,white,knight,0
165,white,queen,5
165,black,rook,0
165,black,bishop,0
165,black,knight,0
165,black,queen,2
437,white,rook,0
437,white,bishop,0
437,white,knight,0
437,white,queen,1
437,black,rook,0
437,black,bishop,0
437,black,knight,0
437,black,queen,0
408,white,rook,0
408,white,bishop,0
408,white,knight,0
408,white,queen,2
408,black,rook,0
408,black,bishop,0
408,black,knight,0
408,black,queen,0
581,white,rook,0
581,white,bishop,0
581,white,knight,0
581,white,queen,2
581,black,rook,0
581,black,bishop,0
581,black,knight,0
581,black,queen,2
123,white,rook,0
123,white,bishop,0
123,white,knight,0
123,white,queen,3
123,black,rook,0
123,black,bishop,0
123,black,knight,0
123,black,queen,0
699,white,rook,0
699,white,bishop,0
699,white,knight,0
699,white,queen,0
699,black,rook,0
699,black,bishop,0
699,black,knight,0
699,black,queen,1
171,white,rook,0
171,white,bishop,0
171,white,knight,0
171,white,queen,1
171,black,rook,0
171,black,bishop,0
171,black,knight,0
171,black,queen,1
664,white,rook,0
664,white,bishop,0
664,white,knight,0
664,white,queen,0
664,black,rook,0
664,black,bishop,0
664,black,knight,0
664,black,queen,2
55,white,rook,0
55,white,bishop,0
55,white,knight,0
55,white,queen,8
55,black,rook,0
55,black,bishop,0
55,black,knight,0
55,black,queen,7
411,white,rook,0
411,white,bishop,0
411,white,knight,0
411,white,queen,3
411,black,rook,0
411,black,bishop,0
411,black,knight,0
411,black,queen,0
380,white,rook,2
380,white,bishop,0
380,white,knight,0
380,white,queen,2
380,black,rook,0
380,black,bishop,0
380,black,knight,0
380,black,queen,1
297,white,rook,0
297,white,bishop,0
297,white,knight,0
297,white,queen,0
297,black,rook,0
297,black,bishop,0
297,black,knight,0
297,black,queen,2
314,white,rook,0
314,white,bishop,0
314,white,knight,0
314,white,queen,1
314,black,rook,0
314,black,bishop,0
314,black,knight,0
314,black,queen,0
389,white,rook,0
389,white,bishop,0
389,white,knight,0
389,white,queen,1
389,black,rook,0
389,black,bishop,0
389,black,knight,0
389,black,queen,1
375,white,rook,0
375,white,bishop,0
375,white,knight,0
375,white,queen,1
375,black,rook,0
375,black,bishop,0
375,black,knight,0
375,black,queen,3
329,white,rook,0
329,white,bishop,0
329,white,knight,0
329,white,queen,1
329,black,rook,0
329,black,bishop,0
329,black,knight,0
329,black,queen,4
547,white,rook,0
547,white,bishop,0
547,white,knight,0
547,white,queen,1
547,black,rook,0
547,black,bishop,0
547,black,knight,0
547,black,queen,1
352,white,rook,0
352,white,bishop,0
352,white,knight,0
352,white,queen,0
352,black,rook,0
352,black,bishop,0
352,black,knight,0
352,black,queen,2
384,white,rook,0
384,white,bishop,0
384,white,knight,0
384,white,queen,1
384,black,rook,0
384,black,bishop,1
384,black,knight,0
384,black,queen,0
627,white,rook,0
627,white,bishop,0
627,white,knight,0
627,white,queen,0
627,black,rook,0
627,black,bishop,0
627,black,knight,0
627,black,queen,1
300,white,rook,0
300,white,bishop,0
300,white,knight,0
300,white,queen,0
300,black,rook,0
300,black,bishop,0
300,black,knight,0
300,black,queen,1
432,white,rook,0
432,white,bishop,0
432,white,knight,1
432,white,queen,0
432,black,rook,0
432,black,bishop,0
432,black,knight,0
432,black,queen,2
636,white,rook,0
636,white,bishop,0
636,white,knight,0
636,white,queen,1
636,black,rook,0
636,black,bishop,0
636,black,knight,0
636,black,queen,0
509,white,rook,0
509,white,bishop,0
509,white,knight,0
509,white,queen,1
509,black,rook,0
509,black,bishop,0
509,black,knight,0
509,black,queen,0
583,white,rook,0
583,white,bishop,0
583,white,knight,0
583,white,queen,0
583,black,rook,0
583,black,bishop,0
583,black,knight,0
583,black,queen,1
132,white,rook,0
132,white,bishop,0
132,white,knight,0
132,white,queen,2
132,black,rook,0
132,black,bishop,0
132,black,knight,0
132,black,queen,1
103,white,rook,0
103,white,bishop,0
103,white,knight,1
103,white,queen,4
103,black,rook,0
103,black,bishop,0
103,black,knight,0
103,black,queen,1
285,white,rook,0
285,white,bishop,0
285,white,knight,1
285,white,queen,1
285,black,rook,0
285,black,bishop,0
285,black,knight,0
285,black,queen,2
716,white,rook,0
716,white,bishop,0
716,white,knight,0
716,white,queen,1
716,black,rook,0
716,black,bishop,0
716,black,knight,0
716,black,queen,0
358,white,rook,0
358,white,bishop,0
358,white,knight,0
358,white,queen,1
358,black,rook,0
358,black,bishop,0
358,black,knight,0
358,black,queen,0
428,white,rook,0
428,white,bishop,0
428,white,knight,0
428,white,queen,1
428,black,rook,0
428,black,bishop,0
428,black,knight,0
428,black,queen,1
634,white,rook,0
634,white,bishop,0
634,white,knight,0
634,white,queen,0
634,black,rook,0
634,black,bishop,0
634,black,knight,0
634,black,queen,1
291,white,rook,0
291,white,bishop,0
291,white,knight,0
291,white,queen,0
291,black,rook,0
291,black,bishop,0
291,black,knight,0
291,black,queen,1
472,white,rook,0
472,white,bishop,0
472,white,knight,0
472,white,queen,1
472,black,rook,0
472,black,bishop,0
472,black,knight,0
472,black,queen,0
174,white,rook,0
174,white,bishop,0
174,white,knight,0
174,white,queen,3
174,black,rook,0
174,black,bishop,0
174,black,knight,0
174,black,queen,0
328,white,rook,0
328,white,bishop,0
328,white,knight,0
328,white,queen,1
328,black,rook,0
328,black,bishop,0
328,black,knight,0
328,black,queen,2
805,white,rook,0
805,white,bishop,0
805,white,knight,0
805,white,queen,0
805,black,rook,0
805,black,bishop,0
805,black,knight,0
805,black,queen,1
332,white,rook,0
332,white,bishop,0
332,white,knight,0
332,white,queen,1
332,black,rook,0
332,black,bishop,0
332,black,knight,0
332,black,queen,0
507,white,rook,0
507,white,bishop,0
507,white,knight,0
507,white,queen,1
507,black,rook,0
507,black,bishop,0
507,black,knight,0
507,black,queen,0
820,white,rook,0
820,white,bishop,0
820,white,knight,0
820,white,queen,1
820,black,rook,0
820,black,bishop,0
820,black,knight,0
820,black,queen,0
497,white,rook,0
497,white,bishop,0
497,white,knight,0
497,white,queen,0
497,black,rook,0
497,black,bishop,0
497,black,knight,0
497,black,queen,1
122,white,rook,0
122,white,bishop,0
122,white,knight,0
122,white,queen,1
122,black,rook,0
122,black,bishop,0
122,black,knight,0
122,black,queen,4
377,white,rook,0
377,white,bishop,0
377,white,knight,0
377,white,queen,0
377,black,rook,0
377,black,bishop,0
377,black,knight,0
377,black,queen,1
214,white,rook,0
214,white,bishop,0
214,white,knight,0
214,white,queen,1
214,black,rook,0
214,black,bishop,0
214,black,knight,0
214,black,queen,1
280,white,rook,0
280,white,bishop,0
280,white,knight,0
280,white,queen,3
280,black,rook,0
280,black,bishop,0
280,black,knight,0
280,black,queen,0
261,white,rook,0
261,white,bishop,0
261,white,knight,1
261,white,queen,2
261,black,rook,0
261,black,bishop,0
261,black,knight,0
261,black,queen,0
141,white,rook,0
141,white,bishop,0
141,white,knight,0
141,white,queen,1
141,black,rook,0
141,black,bishop,0
141,black,knight,0
141,black,queen,1
535,white,rook,0
535,white,bishop,0
535,white,knight,0
535,white,queen,0
535,black,rook,0
535,black,bishop,0
535,black,knight,0
535,black,queen,3
298,white,rook,0
298,white,bishop,0
298,white,knight,0
298,white,queen,2
298,black,rook,0
298,black,bishop,0
298,black,knight,0
298,black,queen,1
815,white,rook,0
815,white,bishop,0
815,white,knight,0
815,white,queen,1
815,black,rook,0
815,black,bishop,0
815,black,knight,0
815,black,queen,0
342,white,rook,0
342,white,bishop,0
342,white,knight,0
342,white,queen,0
342,black,rook,0
342,black,bishop,0
342,black,knight,0
342,black,queen,2
381,white,rook,0
381,white,bishop,0
381,white,knight,0
381,white,queen,0
381,black,rook,0
381,black,bishop,0
381,black,knight,0
381,black,queen,1
360,white,rook,0
360,white,bishop,0
360,white,knight,0
360,white,queen,0
360,black,rook,0
360,black,bishop,0
360,black,knight,0
360,black,queen,1
294,white,rook,0
294,white,bishop,0
294,white,knight,0
294,white,queen,1
294,black,rook,0
294,black,bishop,0
294,black,knight,0
294,black,queen,0
418,white,rook,0
418,white,bishop,0
418,white,knight,0
418,white,queen,1
418,black,rook,0
418,black,bishop,0
418,black,knight,0
418,black,queen,0
463,white,rook,1
463,white,bishop,0
463,white,knight,0
463,white,queen,0
463,black,rook,0
463,black,bishop,0
463,black,knight,0
463,black,queen,0
258,white,rook,0
258,white,bishop,0
258,white,knight,0
258,white,queen,0
258,black,rook,0
258,black,bishop,0
258,black,knight,0
258,black,queen,4
183,white,rook,0
183,white,bishop,0
183,white,knight,0
183,white,queen,2
183,black,rook,0
183,black,bishop,0
183,black,knight,0
183,black,queen,1
192,white,rook,0
192,white,bishop,0
192,white,knight,0
192,white,queen,2
192,black,rook,0
192,black,bishop,0
192,black,knight,0
192,black,queen,0
476,white,rook,0
476,white,bishop,0
476,white,knight,0
476,white,queen,4
476,black,rook,0
476,black,bishop,0
476,black,knight,0
476,black,queen,0
803,white,rook,0
803,white,bishop,0
803,white,knight,0
803,white,queen,0
803,black,rook,0
803,black,bishop,0
803,black,knight,0
803,black,queen,1
661,white,rook,0
661,white,bishop,0
661,white,knight,0
661,white,queen,0
661,black,rook,0
661,black,bishop,0
661,black,knight,0
661,black,queen,1
452,white,rook,0
452,white,bishop,0
452,white,knight,0
452,white,queen,1
452,black,rook,0
452,black,bishop,0
452,black,knight,0
452,black,queen,1
449,white,rook,0
449,white,bishop,0
449,white,knight,0
449,white,queen,1
449,black,rook,0
449,black,bishop,0
449,black,knight,0
449,black,queen,0
306,white,rook,0
306,white,bishop,0
306,white,knight,0
306,white,queen,0
306,black,rook,0
306,black,bishop,0
306,black,knight,0
306,black,queen,1
481,white,rook,0
481,white,bishop,0
481,white,knight,0
481,white,queen,1
481,black,rook,0
481,black,bishop,0
481,black,knight,0
481,black,queen,0
649,white,rook,0
649,white,bishop,0
649,white,knight,0
649,white,queen,1
649,black,rook,0
649,black,bishop,0
649,black,knight,0
649,black,queen,0
577,white,rook,0
577,white,bishop,0
577,white,knight,0
577,white,queen,0
577,black,rook,0
577,black,bishop,0
577,black,knight,0
577,black,queen,1
573,white,rook,0
573,white,bishop,0
573,white,knight,0
573,white,queen,1
573,black,rook,0
573,black,bishop,0
573,black,knight,0
573,black,queen,0
393,white,rook,0
393,white,bishop,0
393,white,knight,0
393,white,queen,1
393,black,rook,0
393,black,bishop,0
393,black,knight,1
393,black,queen,0
399,white,rook,0
399,white,bishop,0
399,white,knight,0
399,white,queen,1
399,black,rook,0
399,black,bishop,0
399,black,knight,0
399,black,queen,0
167,white,rook,0
167,white,bishop,0
167,white,knight,0
167,white,queen,1
167,black,rook,0
167,black,bishop,0
167,black,knight,0
167,black,queen,5
369,white,rook,0
369,white,bishop,0
369,white,knight,0
369,white,queen,2
369,black,rook,0
369,black,bishop,0
369,black,knight,0
369,black,queen,1
392,white,rook,0
392,white,bishop,0
392,white,knight,0
392,white,queen,1
392,black,rook,0
392,black,bishop,0
392,black,knight,0
392,black,queen,1
458,white,rook,0
458,white,bishop,0
458,white,knight,0
458,white,queen,1
458,black,rook,0
458,black,bishop,0
458,black,knight,0
458,black,queen,1
395,white,rook,0
395,white,bishop,0
395,white,knight,0
395,white,queen,2
395,black,rook,0
395,black,bishop,0
395,black,knight,0
395,black,queen,0
985,white,rook,0
985,white,bishop,0
985,white,knight,0
985,white,queen,1
985,black,rook,0
985,black,bishop,0
985,black,knight,0
985,black,queen,0
666,white,rook,0
666,white,bishop,0
666,white,knight,0
666,white,queen,1
666,black,rook,0
666,black,bishop,0
666,black,knight,0
666,black,queen,0
528,white,rook,0
528,white,bishop,0
528,white,knight,0
528,white,queen,2
528,black,rook,0
528,black,bishop,0
528,black,knight,0
528,black,queen,0
237,white,rook,0
237,white,bishop,0
237,white,knight,0
237,white,queen,0
237,black,rook,0
237,black,bishop,0
237,black,knight,0
237,black,queen,3
160,white,rook,0
160,white,bishop,0
160,white,knight,0
160,white,queen,2
160,black,rook,0
160,black,bishop,0
160,black,knight,0
160,black,queen,1
317,white,rook,0
317,white,bishop,0
317,white,knight,0
317,white,queen,1
317,black,rook,0
317,black,bishop,0
317,black,knight,0
317,black,queen,0
313,white,rook,0
313,white,bishop,0
313,white,knight,0
313,white,queen,1
313,black,rook,0
313,black,bishop,0
313,black,knight,0
313,black,queen,0
312,white,rook,0
312,white,bishop,0
312,white,knight,0
312,white,queen,0
312,black,rook,0
312,black,bishop,0
312,black,knight,0
312,black,queen,3
227,white,rook,0
227,white,bishop,0
227,white,knight,0
227,white,queen,2
227,black,rook,0
227,black,bishop,0
227,black,knight,0
227,black,queen,1
483,white,rook,0
483,white,bishop,0
483,white,knight,0
483,white,queen,0
483,black,rook,0
483,black,bishop,0
483,black,knight,0
483,black,queen,1
619,white,rook,0
619,white,bishop,0
619,white,knight,0
619,white,queen,1
619,black,rook,0
619,black,bishop,0
619,black,knight,0
619,black,queen,0
864,white,rook,0
864,white,bishop,0
864,white,knight,0
864,white,queen,0
864,black,rook,0
864,black,bishop,0
864,black,knight,0
864,black,queen,1
611,white,rook,0
611,white,bishop,0
611,white,knight,0
611,white,queen,1
611,black,rook,0
611,black,bishop,0
611,black,knight,0
611,black,queen,1
244,white,rook,0
244,white,bishop,0
244,white,knight,0
244,white,queen,1
244,black,rook,0
244,black,bishop,1
244,black,knight,0
244,black,queen,3
663,white,rook,0
663,white,bishop,0
663,white,knight,0
663,white,queen,0
663,black,rook,0
663,black,bishop,0
663,black,knight,0
663,black,queen,1
605,white,rook,0
605,white,bishop,0
605,white,knight,0
605,white,queen,0
605,black,rook,0
605,black,bishop,0
605,black,knight,0
605,black,queen,1
233,white,rook,0
233,white,bishop,0
233,white,knight,0
233,white,queen,2
233,black,rook,0
233,black,bishop,0
233,black,knight,0
233,black,queen,1
490,white,rook,0
490,white,bishop,0
490,white,knight,2
490,white,queen,0
490,black,rook,0
490,black,bishop,0
490,black,knight,0
490,black,queen,0
508,white,rook,0
508,white,bishop,0
508,white,knight,0
508,white,queen,1
508,black,rook,0
508,black,bishop,0
508,black,knight,0
508,black,queen,0
487,white,rook,0
487,white,bishop,0
487,white,knight,0
487,white,queen,1
487,black,rook,0
487,black,bishop,0
487,black,knight,0
487,black,queen,1
371,white,rook,0
371,white,bishop,0
371,white,knight,0
371,white,queen,1
371,black,rook,0
371,black,bishop,0
371,black,knight,0
371,black,queen,3
295,white,rook,0
295,white,bishop,0
295,white,knight,0
295,white,queen,0
295,black,rook,0
295,black,bishop,1
295,black,knight,0
295,black,queen,1
346,white,rook,0
346,white,bishop,0
346,white,knight,0
346,white,queen,1
346,black,rook,0
346,black,bishop,0
346,black,knight,0
346,black,queen,2
387,white,rook,0
387,white,bishop,0
387,white,knight,0
387,white,queen,1
387,black,rook,0
387,black,bishop,0
387,black,knight,0
387,black,queen,0
287,white,rook,0
287,white,bishop,0
287,white,knight,0
287,white,queen,1
287,black,rook,0
287,black,bishop,0
287,black,knight,0
287,black,queen,2
451,white,rook,0
451,white,bishop,0
451,white,knight,0
451,white,queen,1
451,black,rook,0
451,black,bishop,0
451,black,knight,0
451,black,queen,0
416,white,rook,0
416,white,bishop,0
416,white,knight,0
416,white,queen,1
416,black,rook,0
416,black,bishop,0
416,black,knight,0
416,black,queen,0
642,white,rook,0
642,white,bishop,0
642,white,knight,0
642,white,queen,0
642,black,rook,1
642,black,bishop,0
642,black,knight,0
642,black,queen,0
439,white,rook,0
439,white,bishop,0
439,white,knight,0
439,white,queen,3
439,black,rook,0
439,black,bishop,0
439,black,knight,0
439,black,queen,1
477,white,rook,0
477,white,bishop,0
477,white,knight,0
477,white,queen,1
477,black,rook,0
477,black,bishop,0
477,black,knight,0
477,black,queen,0
464,white,rook,0
464,white,bishop,0
464,white,knight,0
464,white,queen,1
464,black,rook,0
464,black,bishop,0
464,black,knight,0
464,black,queen,1
382,white,rook,0
382,white,bishop,0
382,white,knight,0
382,white,queen,1
382,black,rook,0
382,black,bishop,0
382,black,knight,0
382,black,queen,1
446,white,rook,0
446,white,bishop,0
446,white,knight,0
446,white,queen,0
446,black,rook,0
446,black,bishop,0
446,black,knight,0
446,black,queen,1
290,white,rook,0
290,white,bishop,0
290,white,knight,0
290,white,queen,1
290,black,rook,0
290,black,bishop,0
290,black,knight,0
290,black,queen,0
493,white,rook,0
493,white,bishop,0
493,white,knight,0
493,white,queen,1
493,black,rook,0
493,black,bishop,0
493,black,knight,0
493,black,queen,0
385,white,rook,0
385,white,bishop,0
385,white,knight,0
385,white,queen,1
385,black,rook,0
385,black,bishop,0
385,black,knight,0
385,black,queen,0
348,white,rook,0
348,white,bishop,0
348,white,knight,0
348,white,queen,1
348,black,rook,0
348,black,bishop,0
348,black,knight,0
348,black,queen,0
631,white,rook,0
631,white,bishop,0
631,white,knight,0
631,white,queen,1
631,black,rook,0
631,black,bishop,0
631,black,knight,0
631,black,queen,2
226,white,rook,0
226,white,bishop,0
226,white,knight,0
226,white,queen,1
226,black,rook,0
226,black,bishop,0
226,black,knight,0
226,black,queen,2
284,white,rook,0
284,white,bishop,0
284,white,knight,0
284,white,queen,2
284,black,rook,0
284,black,bishop,0
284,black,knight,0
284,black,queen,0
415,white,rook,0
415,white,bishop,0
415,white,knight,0
415,white,queen,0
415,black,rook,0
415,black,bishop,0
415,black,knight,0
415,black,queen,1
236,white,rook,0
236,white,bishop,0
236,white,knight,0
236,white,queen,1
236,black,rook,0
236,black,bishop,0
236,black,knight,0
236,black,queen,1
529,white,rook,0
529,white,bishop,0
529,white,knight,0
529,white,queen,0
529,black,rook,0
529,black,bishop,0
529,black,knight,0
529,black,queen,2
211,white,rook,0
211,white,bishop,0
211,white,knight,0
211,white,queen,1
211,black,rook,0
211,black,bishop,0
211,black,knight,0
211,black,queen,1
480,white,rook,0
480,white,bishop,0
480,white,knight,0
480,white,queen,0
480,black,rook,0
480,black,bishop,0
480,black,knight,0
480,black,queen,1
403,white,rook,0
403,white,bishop,0
403,white,knight,0
403,white,queen,0
403,black,rook,0
403,black,bishop,0
403,black,knight,0
403,black,queen,2
412,white,rook,0
412,white,bishop,0
412,white,knight,0
412,white,queen,2
412,black,rook,0
412,black,bishop,0
412,black,knight,0
412,black,queen,0
90,white,rook,0
90,white,bishop,0
90,white,knight,0
90,white,queen,1
90,black,rook,0
90,black,bishop,0
90,black,knight,0
90,black,queen,1
296,white,rook,0
296,white,bishop,0
296,white,knight,0
296,white,queen,0
296,black,rook,0
296,black,bishop,0
296,black,knight,0
296,black,queen,1
440,white,rook,0
440,white,bishop,0
440,white,knight,0
440,white,queen,1
440,black,rook,0
440,black,bishop,0
440,black,knight,0
440,black,queen,0
240,white,rook,0
240,white,bishop,0
240,white,knight,0
240,white,queen,1
240,black,rook,0
240,black,bishop,0
240,black,knight,0
240,black,queen,0
568,white,rook,0
568,white,bishop,0
568,white,knight,0
568,white,queen,0
568,black,rook,0
568,black,bishop,0
568,black,knight,0
568,black,queen,1
574,white,rook,0
574,white,bishop,0
574,white,knight,0
574,white,queen,1
574,black,rook,0
574,black,bishop,0
574,black,knight,0
574,black,queen,0
656,white,rook,0
656,white,bishop,0
656,white,knight,0
656,white,queen,0
656,black,rook,0
656,black,bishop,0
656,black,knight,0
656,black,queen,1
396,white,rook,0
396,white,bishop,0
396,white,knight,0
396,white,queen,1
396,black,rook,0
396,black,bishop,0
396,black,knight,0
396,black,queen,1
620,white,rook,0
620,white,bishop,0
620,white,knight,0
620,white,queen,0
620,black,rook,0
620,black,bishop,0
620,black,knight,0
620,black,queen,1
553,white,rook,0
553,white,bishop,0
553,white,knight,0
553,white,queen,1
553,black,rook,0
553,black,bishop,0
553,black,knight,0
553,black,queen,0
461,white,rook,0
461,white,bishop,0
461,white,knight,0
461,white,queen,1
461,black,rook,0
461,black,bishop,0
461,black,knight,0
461,black,queen,0
