rate_diff,winner,count
309,white,6
309,black,1
309,draw,0
61,white,31
61,black,24
61,draw,3
-4,white,24
-4,black,25
-4,draw,8
-15,white,29
-15,black,39
-15,draw,5
54,white,32
54,black,13
54,draw,4
248,white,12
248,black,3
248,draw,2
97,white,27
97,black,11
97,draw,0
-695,white,1
-695,black,2
-695,draw,0
47,white,18
47,black,26
47,draw,3
172,white,13
172,black,3
172,draw,1
109,white,21
109,black,6
109,draw,2
-486,white,0
-486,black,6
-486,draw,0
-555,white,1
-555,black,2
-555,draw,0
-226,white,3
-226,black,5
-226,draw,0
-47,white,22
-47,black,22
-47,draw,5
-206,white,6
-206,black,13
-206,draw,2
406,white,7
406,black,1
406,draw,0
-582,white,0
-582,black,1
-582,draw,0
26,white,22
26,black,22
26,draw,1
201,white,26
201,black,4
201,draw,0
-310,white,1
-310,black,8
-310,draw,0
-141,white,8
-141,black,9
-141,draw,0
746,white,1
746,black,0
746,draw,1
290,white,4
290,black,3
290,draw,2
-100,white,9
-100,black,15
-100,draw,3
-71,white,19
-71,black,17
-71,draw,0
322,white,13
322,black,4
322,draw,0
198,white,9
198,black,5
198,draw,1
184,white,9
184,black,6
184,draw,0
-481,white,0
-481,black,1
-481,draw,0
447,white,4
447,black,0
447,draw,0
-856,white,0
-856,black,2
-856,draw,0
591,white,3
591,black,0
591,draw,0
-522,white,1
-522,black,9
-522,draw,1
522,white,7
522,black,1
522,draw,0
1471,white,1
1471,black,0
1471,draw,0
229,white,14
229,black,3
229,draw,1
263,white,9
263,black,3
263,draw,0
1465,white,1
1465,black,0
1465,draw,0
365,white,6
365,black,0
365,draw,0
1458,white,2
1458,black,0
1458,draw,0
359,white,4
359,black,1
359,draw,0
-93,white,12
-93,black,23
-93,draw,0
34,white,28
34,black,26
34,draw,2
-28,white,34
-28,black,24
-28,draw,0
163,white,21
163,black,9
163,draw,2
59,white,28
59,black,18
59,draw,1
-372,white,1
-372,black,7
-372,draw,0
-6,white,32
-6,black,31
-6,draw,2
-27,white,24
-27,black,28
-27,draw,0
358,white,2
358,black,2
358,draw,0
50,white,23
50,black,24
50,draw,2
181,white,20
181,black,1
181,draw,2
-35,white,18
-35,black,21
-35,draw,3
-54,white,21
-54,black,28
-54,draw,3
83,white,16
83,black,15
83,draw,1
228,white,8
228,black,6
228,draw,0
27,white,28
27,black,24
27,draw,5
-381,white,0
-381,black,4
-381,draw,1
48,white,21
48,black,17
48,draw,5
256,white,6
256,black,1
256,draw,0
42,white,26
42,black,23
42,draw,0
-157,white,10
-157,black,9
-157,draw,3
141,white,12
141,black,9
141,draw,1
-526,white,3
-526,black,5
-526,draw,0
208,white,14
208,black,6
208,draw,0
116,white,20
116,black,4
116,draw,0
-131,white,19
-131,black,9
-131,draw,0
-294,white,2
-294,black,7
-294,draw,0
129,white,22
129,black,16
129,draw,1
10,white,35
10,black,20
10,draw,1
70,white,28
70,black,13
70,draw,1
-50,white,20
-50,black,21
-50,draw,1
17,white,35
17,black,31
17,draw,5
-139,white,3
-139,black,22
-139,draw,1
121,white,22
121,black,5
121,draw,3
53,white,26
53,black,13
53,draw,1
143,white,8
143,black,9
143,draw,0
-331,white,1
-331,black,12
-331,draw,0
-401,white,1
-401,black,12
-401,draw,0
-271,white,6
-271,black,6
-271,draw,0
56,white,28
56,black,13
56,draw,2
0,white,95
0,black,95
0,draw,13
31,white,24
31,black,19
31,draw,3
-14,white,38
-14,black,28
-14,draw,1
203,white,15
203,black,5
203,draw,1
222,white,9
222,black,4
222,draw,0
338,white,9
338,black,3
338,draw,1
5,white,36
5,black,32
5,draw,3
-29,white,22
-29,black,25
-29,draw,3
259,white,15
259,black,3
259,draw,2
9,white,27
9,black,20
9,draw,5
118,white,20
118,black,6
118,draw,3
373,white,7
373,black,2
373,draw,0
35,white,19
35,black,21
35,draw,2
-66,white,24
-66,black,16
-66,draw,3
11,white,29
11,black,26
11,draw,2
-102,white,13
-102,black,9
-102,draw,0
62,white,16
62,black,12
62,draw,2
-234,white,3
-234,black,12
-234,draw,2
330,white,5
330,black,9
330,draw,0
781,white,2
781,black,0
781,draw,0
25,white,26
25,black,25
25,draw,9
294,white,8
294,black,1
294,draw,0
149,white,6
149,black,9
149,draw,0
-70,white,11
-70,black,18
-70,draw,3
-73,white,10
-73,black,24
-73,draw,1
-121,white,7
-121,black,12
-121,draw,1
-125,white,10
-125,black,13
-125,draw,1
39,white,25
39,black,25
39,draw,0
151,white,17
151,black,12
151,draw,0
-144,white,9
-144,black,20
-144,draw,0
-32,white,24
-32,black,20
-32,draw,1
-38,white,23
-38,black,31
-38,draw,3
-136,white,13
-136,black,13
-136,draw,1
43,white,16
43,black,21
43,draw,3
-5,white,28
-5,black,33
-5,draw,5
102,white,21
102,black,14
102,draw,1
239,white,11
239,black,5
239,draw,0
325,white,7
325,black,2
325,draw,2
91,white,22
91,black,9
91,draw,4
-9,white,37
-9,black,37
-9,draw,0
-252,white,4
-252,black,8
-252,draw,2
-398,white,2
-398,black,7
-398,draw,0
-37,white,20
-37,black,23
-37,draw,1
212,white,9
212,black,7
212,draw,0
-115,white,10
-115,black,18
-115,draw,2
3,white,31
3,black,23
3,draw,4
-30,white,24
-30,black,24
-30,draw,2
-67,white,17
-67,black,16
-67,draw,5
79,white,22
79,black,12
79,draw,0
-39,white,28
-39,black,20
-39,draw,5
20,white,29
20,black,25
20,draw,5
-20,white,25
-20,black,21
-20,draw,4
-3,white,30
-3,black,20
-3,draw,4
-48,white,23
-48,black,22
-48,draw,4
29,white,22
29,black,24
29,draw,4
45,white,16
45,black,23
45,draw,2
40,white,24
40,black,15
40,draw,5
36,white,35
36,black,18
36,draw,5
-99,white,6
-99,black,13
-99,draw,3
23,white,25
23,black,18
23,draw,2
-31,white,19
-31,black,20
-31,draw,4
-25,white,35
-25,black,21
-25,draw,2
-1,white,31
-1,black,29
-1,draw,4
1,white,38
1,black,30
1,draw,2
-72,white,11
-72,black,18
-72,draw,3
68,white,22
68,black,13
68,draw,3
24,white,26
24,black,19
24,draw,2
-23,white,19
-23,black,17
-23,draw,1
7,white,27
7,black,31
7,draw,2
-26,white,20
-26,black,24
-26,draw,5
16,white,26
16,black,36
16,draw,3
12,white,37
12,black,31
12,draw,0
-337,white,2
-337,black,7
-337,draw,0
-173,white,9
-173,black,13
-173,draw,1
-819,white,0
-819,black,4
-819,draw,0
142,white,16
142,black,8
142,draw,2
517,white,4
517,black,7
517,draw,0
-22,white,32
-22,black,28
-22,draw,2
-195,white,4
-195,black,14
-195,draw,0
-521,white,0
-521,black,7
-521,draw,0
-211,white,7
-211,black,16
-211,draw,0
112,white,21
112,black,9
112,draw,0
-205,white,8
-205,black,12
-205,draw,0
69,white,16
69,black,12
69,draw,3
-69,white,12
-69,black,31
-69,draw,2
-484,white,1
-484,black,5
-484,draw,0
-166,white,10
-166,black,25
-166,draw,0
-260,white,5
-260,black,10
-260,draw,0
-404,white,0
-404,black,9
-404,draw,1
376,white,6
376,black,1
376,draw,0
-196,white,6
-196,black,8
-196,draw,0
-510,white,0
-510,black,3
-510,draw,0
-2,white,34
-2,black,33
-2,draw,3
21,white,32
21,black,25
21,draw,3
-10,white,22
-10,black,29
-10,draw,3
-49,white,18
-49,black,26
-49,draw,3
119,white,17
119,black,14
119,draw,0
-566,white,0
-566,black,5
-566,draw,0
128,white,21
128,black,9
128,draw,2
-110,white,11
-110,black,24
-110,draw,4
-81,white,19
-81,black,18
-81,draw,4
46,white,14
46,black,16
46,draw,4
-182,white,4
-182,black,13
-182,draw,1
-60,white,16
-60,black,13
-60,draw,1
87,white,24
87,black,15
87,draw,2
-11,white,35
-11,black,33
-11,draw,4
460,white,3
460,black,0
460,draw,1
113,white,19
113,black,13
113,draw,1
28,white,32
28,black,25
28,draw,3
354,white,4
354,black,0
354,draw,0
137,white,17
137,black,12
137,draw,1
-101,white,12
-101,black,24
-101,draw,3
247,white,16
247,black,1
247,draw,0
49,white,28
49,black,14
49,draw,1
-75,white,26
-75,black,14
-75,draw,4
-74,white,20
-74,black,23
-74,draw,0
155,white,7
155,black,7
155,draw,0
-233,white,7
-233,black,10
-233,draw,1
-36,white,30
-36,black,27
-36,draw,2
57,white,28
57,black,15
57,draw,1
-123,white,9
-123,black,16
-123,draw,4
-321,white,5
-321,black,4
-321,draw,2
252,white,9
252,black,4
252,draw,1
189,white,20
189,black,15
189,draw,1
-191,white,3
-191,black,9
-191,draw,1
136,white,22
136,black,7
136,draw,0
37,white,20
37,black,23
37,draw,3
-363,white,2
-363,black,3
-363,draw,0
-334,white,1
-334,black,5
-334,draw,0
331,white,6
331,black,2
331,draw,0
-394,white,1
-394,black,9
-394,draw,0
-448,white,1
-448,black,7
-448,draw,1
133,white,20
133,black,7
133,draw,0
-43,white,11
-43,black,24
-43,draw,2
14,white,34
14,black,26
14,draw,1
32,white,21
32,black,16
32,draw,1
-62,white,13
-62,black,22
-62,draw,3
-148,white,6
-148,black,20
-148,draw,3
139,white,17
139,black,4
139,draw,4
-55,white,15
-55,black,21
-55,draw,3
-130,white,10
-130,black,15
-130,draw,2
130,white,16
130,black,14
130,draw,3
105,white,15
105,black,10
105,draw,1
-105,white,10
-105,black,17
-105,draw,3
-92,white,15
-92,black,13
-92,draw,2
-84,white,13
-84,black,22
-84,draw,0
-365,white,0
-365,black,4
-365,draw,0
13,white,36
13,black,28
13,draw,2
125,white,17
125,black,7
125,draw,1
52,white,18
52,black,12
52,draw,2
-19,white,24
-19,black,22
-19,draw,6
72,white,16
72,black,16
72,draw,2
-53,white,13
-53,black,24
-53,draw,2
132,white,12
132,black,6
132,draw,1
-163,white,8
-163,black,12
-163,draw,0
-21,white,29
-21,black,26
-21,draw,3
-8,white,25
-8,black,28
-8,draw,2
-210,white,11
-210,black,9
-210,draw,0
200,white,10
200,black,1
200,draw,0
-13,white,13
-13,black,35
-13,draw,2
-44,white,13
-44,black,18
-44,draw,1
414,white,1
414,black,2
414,draw,0
15,white,30
15,black,23
15,draw,3
2,white,24
2,black,21
2,draw,2
-17,white,28
-17,black,22
-17,draw,4
276,white,10
276,black,0
276,draw,0
111,white,15
111,black,12
111,draw,0
251,white,10
251,black,3
251,draw,0
-80,white,21
-80,black,20
-80,draw,3
-258,white,4
-258,black,9
-258,draw,0
148,white,16
148,black,10
148,draw,4
-68,white,19
-68,black,18
-68,draw,2
-352,white,1
-352,black,9
-352,draw,0
-158,white,3
-158,black,17
-158,draw,1
-178,white,6
-178,black,10
-178,draw,0
253,white,13
253,black,3
253,draw,0
-275,white,3
-275,black,4
-275,draw,1
146,white,17
146,black,7
146,draw,2
-155,white,9
-155,black,11
-155,draw,0
233,white,9
233,black,1
233,draw,1
-128,white,8
-128,black,18
-128,draw,3
-104,white,9
-104,black,15
-104,draw,1
-18,white,24
-18,black,22
-18,draw,2
-180,white,8
-180,black,15
-180,draw,0
-108,white,26
-108,black,15
-108,draw,2
-499,white,2
-499,black,3
-499,draw,0
217,white,14
217,black,7
217,draw,1
-290,white,2
-290,black,6
-290,draw,0
74,white,22
74,black,17
74,draw,1
-775,white,0
-775,black,1
-775,draw,0
398,white,6
398,black,0
398,draw,0
-103,white,12
-103,black,25
-103,draw,2
-45,white,18
-45,black,25
-45,draw,5
197,white,6
197,black,2
197,draw,0
65,white,23
65,black,18
65,draw,1
391,white,9
391,black,1
391,draw,0
162,white,21
162,black,4
162,draw,1
470,white,2
470,black,2
470,draw,0
-16,white,35
-16,black,38
-16,draw,3
296,white,12
296,black,4
296,draw,1
-41,white,24
-41,black,14
-41,draw,1
190,white,14
190,black,4
190,draw,0
-242,white,4
-242,black,10
-242,draw,2
265,white,9
265,black,3
265,draw,0
153,white,16
153,black,6
153,draw,0
-262,white,7
-262,black,9
-262,draw,0
319,white,12
319,black,1
319,draw,0
-426,white,1
-426,black,4
-426,draw,0
75,white,18
75,black,15
75,draw,0
131,white,17
131,black,11
131,draw,3
170,white,12
170,black,6
170,draw,1
108,white,33
108,black,14
108,draw,3
-207,white,5
-207,black,12
-207,draw,1
-423,white,0
-423,black,5
-423,draw,0
431,white,7
431,black,2
431,draw,1
-704,white,0
-704,black,1
-704,draw,0
-214,white,2
-214,black,7
-214,draw,0
-194,white,4
-194,black,11
-194,draw,1
60,white,27
60,black,15
60,draw,1
22,white,33
22,black,23
22,draw,5
-135,white,5
-135,black,19
-135,draw,2
-276,white,3
-276,black,9
-276,draw,0
94,white,16
94,black,11
94,draw,4
-277,white,4
-277,black,7
-277,draw,0
242,white,12
242,black,1
242,draw,0
-174,white,4
-174,black,7
-174,draw,2
-149,white,7
-149,black,9
-149,draw,0
707,white,1
707,black,0
707,draw,0
84,white,27
84,black,21
84,draw,2
-90,white,8
-90,black,9
-90,draw,4
110,white,25
110,black,10
110,draw,2
-122,white,5
-122,black,13
-122,draw,0
-537,white,1
-537,black,6
-537,draw,0
530,white,2
530,black,0
530,draw,0
588,white,1
588,black,0
588,draw,1
-583,white,0
-583,black,3
-583,draw,0
577,white,4
577,black,0
577,draw,0
-185,white,4
-185,black,14
-185,draw,2
-168,white,5
-168,black,11
-168,draw,2
-7,white,28
-7,black,25
-7,draw,1
202,white,15
202,black,3
202,draw,2
-240,white,2
-240,black,8
-240,draw,0
-116,white,9
-116,black,12
-116,draw,1
-292,white,3
-292,black,12
-292,draw,1
245,white,13
245,black,2
245,draw,0
55,white,27
55,black,23
55,draw,3
44,white,25
44,black,15
44,draw,0
-33,white,21
-33,black,25
-33,draw,1
147,white,15
147,black,5
147,draw,1
-77,white,13
-77,black,17
-77,draw,1
-82,white,23
-82,black,22
-82,draw,1
-119,white,8
-119,black,14
-119,draw,1
515,white,3
515,black,0
515,draw,0
158,white,19
158,black,5
158,draw,2
-79,white,11
-79,black,18
-79,draw,3
63,white,21
63,black,12
63,draw,3
250,white,10
250,black,2
250,draw,1
-51,white,21
-51,black,19
-51,draw,2
85,white,22
85,black,8
85,draw,0
-59,white,17
-59,black,20
-59,draw,2
-261,white,5
-261,black,8
-261,draw,0
-154,white,7
-154,black,10
-154,draw,2
180,white,11
180,black,8
180,draw,1
268,white,8
268,black,4
268,draw,0
-78,white,14
-78,black,20
-78,draw,2
-76,white,24
-76,black,18
-76,draw,1
-213,white,8
-213,black,15
-213,draw,0
-129,white,7
-129,black,20
-129,draw,3
183,white,16
183,black,12
183,draw,1
-132,white,8
-132,black,11
-132,draw,2
58,white,20
58,black,17
58,draw,1
270,white,13
270,black,4
270,draw,2
-91,white,9
-91,black,25
-91,draw,0
-42,white,16
-42,black,17
-42,draw,4
-219,white,6
-219,black,15
-219,draw,1
117,white,13
117,black,9
117,draw,1
-146,white,11
-146,black,13
-146,draw,1
-227,white,4
-227,black,19
-227,draw,0
-204,white,7
-204,black,16
-204,draw,0
140,white,15
140,black,5
140,draw,1
86,white,27
86,black,17
86,draw,4
92,white,13
92,black,11
92,draw,0
-323,white,0
-323,black,11
-323,draw,0
-98,white,10
-98,black,13
-98,draw,0
216,white,4
216,black,2
216,draw,0
-330,white,2
-330,black,9
-330,draw,0
-215,white,5
-215,black,12
-215,draw,0
-369,white,2
-369,black,10
-369,draw,0
298,white,8
298,black,2
298,draw,1
-171,white,5
-171,black,11
-171,draw,2
-692,white,1
-692,black,0
-692,draw,0
423,white,7
423,black,3
423,draw,0
-433,white,0
-433,black,2
-433,draw,1
737,white,1
737,black,0
737,draw,0
271,white,9
271,black,1
271,draw,1
-737,white,0
-737,black,2
-737,draw,0
188,white,10
188,black,8
188,draw,1
767,white,1
767,black,1
767,draw,0
-156,white,9
-156,black,8
-156,draw,1
334,white,8
334,black,1
334,draw,0
135,white,20
135,black,8
135,draw,1
-396,white,2
-396,black,8
-396,draw,0
78,white,19
78,black,10
78,draw,4
-492,white,1
-492,black,4
-492,draw,0
490,white,3
490,black,0
490,draw,0
-490,white,0
-490,black,4
-490,draw,0
427,white,2
427,black,3
427,draw,0
506,white,3
506,black,0
506,draw,0
498,white,5
498,black,0
498,draw,0
312,white,9
312,black,2
312,draw,0
-447,white,0
-447,black,8
-447,draw,0
442,white,9
442,black,0
442,draw,0
-700,white,0
-700,black,1
-700,draw,0
-385,white,2
-385,black,4
-385,draw,1
649,white,2
649,black,0
649,draw,0
-443,white,1
-443,black,6
-443,draw,0
-472,white,1
-472,black,5
-472,draw,0
336,white,7
336,black,2
336,draw,0
-362,white,0
-362,black,8
-362,draw,1
257,white,9
257,black,5
257,draw,1
-970,white,0
-970,black,1
-970,draw,0
335,white,5
335,black,1
335,draw,0
-859,white,0
-859,black,1
-859,draw,0
-439,white,1
-439,black,3
-439,draw,0
-351,white,0
-351,black,4
-351,draw,1
177,white,8
177,black,4
177,draw,2
235,white,11
235,black,5
235,draw,2
-159,white,6
-159,black,9
-159,draw,0
-296,white,3
-296,black,6
-296,draw,1
760,white,1
760,black,0
760,draw,0
582,white,2
582,black,1
582,draw,0
-297,white,4
-297,black,10
-297,draw,0
-281,white,1
-281,black,4
-281,draw,1
-241,white,4
-241,black,11
-241,draw,0
-500,white,1
-500,black,1
-500,draw,0
-399,white,0
-399,black,5
-399,draw,0
387,white,6
387,black,0
387,draw,2
-12,white,30
-12,black,27
-12,draw,4
-118,white,6
-118,black,22
-118,draw,0
98,white,20
98,black,13
98,draw,0
64,white,27
64,black,17
64,draw,1
-56,white,20
-56,black,18
-56,draw,3
-599,white,0
-599,black,2
-599,draw,0
159,white,14
159,black,10
159,draw,1
-314,white,3
-314,black,5
-314,draw,0
4,white,30
4,black,32
4,draw,5
-126,white,7
-126,black,12
-126,draw,1
-278,white,0
-278,black,5
-278,draw,1
73,white,20
73,black,11
73,draw,1
33,white,20
33,black,24
33,draw,0
374,white,4
374,black,2
374,draw,0
-133,white,9
-133,black,12
-133,draw,1
-143,white,6
-143,black,18
-143,draw,1
-300,white,4
-300,black,8
-300,draw,1
-175,white,7
-175,black,19
-175,draw,2
409,white,9
409,black,0
409,draw,0
285,white,5
285,black,3
285,draw,0
-216,white,1
-216,black,8
-216,draw,2
-177,white,3
-177,black,12
-177,draw,3
386,white,2
386,black,1
386,draw,0
41,white,16
41,black,15
41,draw,5
-445,white,1
-445,black,7
-445,draw,0
-322,white,3
-322,black,4
-322,draw,0
683,white,1
683,black,1
683,draw,0
370,white,3
370,black,2
370,draw,1
315,white,8
315,black,2
315,draw,0
-161,white,14
-161,black,9
-161,draw,1
210,white,10
210,black,3
210,draw,0
548,white,5
548,black,0
548,draw,0
-189,white,5
-189,black,12
-189,draw,1
-373,white,4
-373,black,4
-373,draw,0
-46,white,23
-46,black,22
-46,draw,4
6,white,42
6,black,30
6,draw,2
-244,white,2
-244,black,9
-244,draw,0
-489,white,0
-489,black,2
-489,draw,1
81,white,18
81,black,11
81,draw,1
220,white,13
220,black,3
220,draw,0
219,white,21
219,black,3
219,draw,0
-170,white,4
-170,black,9
-170,draw,0
351,white,8
351,black,2
351,draw,0
-332,white,1
-332,black,4
-332,draw,0
227,white,9
227,black,4
227,draw,0
-382,white,1
-382,black,6
-382,draw,1
19,white,31
19,black,25
19,draw,1
-228,white,2
-228,black,14
-228,draw,0
8,white,19
8,black,31
8,draw,3
93,white,22
93,black,16
93,draw,1
-304,white,1
-304,black,16
-304,draw,0
-279,white,3
-279,black,9
-279,draw,2
77,white,27
77,black,16
77,draw,3
-57,white,25
-57,black,27
-57,draw,6
124,white,14
124,black,6
124,draw,2
-34,white,25
-34,black,21
-34,draw,3
-152,white,6
-152,black,15
-152,draw,3
534,white,5
534,black,0
534,draw,0
-109,white,10
-109,black,11
-109,draw,0
218,white,10
218,black,3
218,draw,2
104,white,17
104,black,12
104,draw,1
-239,white,2
-239,black,15
-239,draw,0
-309,white,0
-309,black,8
-309,draw,0
519,white,4
519,black,0
519,draw,0
415,white,5
415,black,0
415,draw,0
71,white,18
71,black,9
71,draw,1
-120,white,11
-120,black,19
-120,draw,1
-355,white,3
-355,black,9
-355,draw,0
-364,white,1
-364,black,9
-364,draw,0
355,white,8
355,black,0
355,draw,0
-345,white,1
-345,black,8
-345,draw,0
-335,white,1
-335,black,7
-335,draw,0
-254,white,2
-254,black,7
-254,draw,3
254,white,11
254,black,4
254,draw,0
-412,white,0
-412,black,2
-412,draw,1
405,white,6
405,black,0
405,draw,0
390,white,6
390,black,0
390,draw,0
-390,white,4
-390,black,4
-390,draw,0
-96,white,11
-96,black,13
-96,draw,2
-598,white,0
-598,black,2
-598,draw,0
122,white,17
122,black,9
122,draw,0
360,white,7
360,black,0
360,draw,1
-344,white,0
-344,black,3
-344,draw,0
310,white,12
310,black,2
310,draw,0
444,white,1
444,black,0
444,draw,1
-153,white,5
-153,black,13
-153,draw,0
67,white,16
67,black,23
67,draw,1
1076,white,1
1076,black,0
1076,draw,0
-127,white,16
-127,black,15
-127,draw,1
-184,white,10
-184,black,11
-184,draw,1
-473,white,3
-473,black,0
-473,draw,0
176,white,9
176,black,4
176,draw,1
-200,white,4
-200,black,12
-200,draw,1
619,white,3
619,black,1
619,draw,0
-641,white,1
-641,black,0
-641,draw,0
713,white,2
713,black,1
713,draw,0
516,white,3
516,black,0
516,draw,0
388,white,3
388,black,2
388,draw,0
-438,white,0
-438,black,5
-438,draw,0
599,white,2
599,black,0
599,draw,0
-198,white,5
-198,black,9
-198,draw,0
-95,white,15
-95,black,21
-95,draw,1
-183,white,3
-183,black,11
-183,draw,0
-284,white,2
-284,black,9
-284,draw,0
-329,white,1
-329,black,7
-329,draw,0
-188,white,9
-188,black,9
-188,draw,1
262,white,15
262,black,5
262,draw,1
724,white,3
724,black,0
724,draw,0
450,white,7
450,black,0
450,draw,6
473,white,2
473,black,1
473,draw,3
352,white,8
352,black,1
352,draw,0
-333,white,2
-333,black,10
-333,draw,1
525,white,1
525,black,0
525,draw,3
234,white,10
234,black,5
234,draw,3
211,white,14
211,black,1
211,draw,3
543,white,3
543,black,1
543,draw,3
467,white,6
467,black,0
467,draw,0
672,white,3
672,black,0
672,draw,0
-147,white,5
-147,black,16
-147,draw,2
88,white,22
88,black,15
88,draw,1
127,white,14
127,black,12
127,draw,1
-203,white,4
-203,black,9
-203,draw,0
504,white,1
504,black,1
504,draw,0
475,white,5
475,black,1
475,draw,0
-388,white,0
-388,black,3
-388,draw,0
-142,white,3
-142,black,9
-142,draw,0
-466,white,0
-466,black,5
-466,draw,1
341,white,9
341,black,0
341,draw,0
-341,white,1
-341,black,5
-341,draw,0
-264,white,2
-264,black,4
-264,draw,0
362,white,6
362,black,2
362,draw,1
349,white,8
349,black,1
349,draw,0
413,white,3
413,black,1
413,draw,0
-63,white,17
-63,black,27
-63,draw,1
161,white,15
161,black,5
161,draw,0
283,white,6
283,black,3
283,draw,0
446,white,5
446,black,2
446,draw,0
-295,white,3
-295,black,7
-295,draw,0
-298,white,3
-298,black,4
-298,draw,0
722,white,1
722,black,0
722,draw,0
244,white,3
244,black,3
244,draw,0
287,white,12
287,black,2
287,draw,0
168,white,8
168,black,9
168,draw,1
-389,white,1
-389,black,4
-389,draw,0
-705,white,0
-705,black,1
-705,draw,0
66,white,23
66,black,20
66,draw,1
171,white,12
171,black,5
171,draw,0
-212,white,3
-212,black,4
-212,draw,2
-303,white,2
-303,black,10
-303,draw,0
396,white,6
396,black,2
396,draw,0
-247,white,0
-247,black,8
-247,draw,0
468,white,6
468,black,1
468,draw,0
-384,white,0
-384,black,1
-384,draw,0
89,white,20
89,black,13
89,draw,2
-511,white,0
-511,black,7
-511,draw,0
-201,white,3
-201,black,13
-201,draw,0
187,white,15
187,black,1
187,draw,0
264,white,13
264,black,0
264,draw,0
-221,white,4
-221,black,7
-221,draw,1
-190,white,3
-190,black,8
-190,draw,0
-249,white,2
-249,black,10
-249,draw,0
-223,white,3
-223,black,16
-223,draw,0
90,white,18
90,black,11
90,draw,0
-485,white,1
-485,black,2
-485,draw,0
-40,white,18
-40,black,17
-40,draw,0
-52,white,18
-52,black,32
-52,draw,0
123,white,17
123,black,8
123,draw,2
-165,white,4
-165,black,11
-165,draw,2
-113,white,11
-113,black,12
-113,draw,0
269,white,10
269,black,1
269,draw,1
280,white,4
280,black,1
280,draw,0
-218,white,5
-218,black,7
-218,draw,0
30,white,19
30,black,21
30,draw,0
-150,white,7
-150,black,13
-150,draw,1
255,white,10
255,black,5
255,draw,2
273,white,13
273,black,6
273,draw,0
76,white,29
76,black,12
76,draw,3
241,white,9
241,black,2
241,draw,0
421,white,5
421,black,1
421,draw,2
145,white,18
145,black,6
145,draw,0
-458,white,1
-458,black,6
-458,draw,0
-138,white,7
-138,black,14
-138,draw,0
353,white,12
353,black,1
353,draw,0
380,white,7
380,black,4
380,draw,0
608,white,3
608,black,0
608,draw,0
-387,white,0
-387,black,2
-387,draw,0
100,white,14
100,black,13
100,draw,1
-360,white,1
-360,black,6
-360,draw,0
240,white,11
240,black,1
240,draw,1
337,white,6
337,black,4
337,draw,0
221,white,10
221,black,2
221,draw,2
278,white,7
278,black,2
278,draw,0
95,white,20
95,black,12
95,draw,4
51,white,19
51,black,15
51,draw,0
-114,white,9
-114,black,16
-114,draw,1
-89,white,15
-89,black,23
-89,draw,3
243,white,7
243,black,1
243,draw,0
507,white,3
507,black,0
507,draw,1
-124,white,6
-124,black,12
-124,draw,1
-324,white,0
-324,black,10
-324,draw,0
-246,white,1
-246,black,10
-246,draw,1
-302,white,8
-302,black,4
-302,draw,0
302,white,9
302,black,5
302,draw,1
96,white,20
96,black,10
96,draw,0
-259,white,2
-259,black,5
-259,draw,1
-286,white,9
-286,black,15
-286,draw,1
193,white,19
193,black,4
193,draw,1
286,white,11
286,black,6
286,draw,1
-145,white,7
-145,black,16
-145,draw,0
206,white,11
206,black,4
206,draw,0
144,white,19
144,black,6
144,draw,1
194,white,14
194,black,4
194,draw,0
-315,white,1
-315,black,5
-315,draw,1
-186,white,6
-186,black,5
-186,draw,0
169,white,11
169,black,5
169,draw,1
377,white,2
377,black,0
377,draw,0
232,white,7
232,black,3
232,draw,0
-326,white,3
-326,black,8
-326,draw,0
326,white,8
326,black,4
326,draw,0
304,white,10
304,black,0
304,draw,2
395,white,4
395,black,0
395,draw,1
308,white,6
308,black,1
308,draw,0
175,white,15
175,black,7
175,draw,0
-64,white,22
-64,black,19
-64,draw,4
173,white,13
173,black,7
173,draw,0
-187,white,6
-187,black,14
-187,draw,2
115,white,17
115,black,6
115,draw,0
-86,white,10
-86,black,22
-86,draw,2
99,white,10
99,black,12
99,draw,1
-585,white,1
-585,black,1
-585,draw,0
585,white,0
585,black,1
585,draw,0
38,white,22
38,black,21
38,draw,2
214,white,15
214,black,2
214,draw,0
-137,white,4
-137,black,18
-137,draw,2
321,white,6
321,black,2
321,draw,0
-106,white,10
-106,black,17
-106,draw,1
-160,white,4
-160,black,14
-160,draw,2
178,white,17
178,black,9
178,draw,0
185,white,9
185,black,4
185,draw,1
226,white,3
226,black,3
226,draw,0
542,white,2
542,black,0
542,draw,0
306,white,3
306,black,2
306,draw,1
-250,white,2
-250,black,8
-250,draw,1
192,white,13
192,black,6
192,draw,1
-482,white,0
-482,black,4
-482,draw,0
661,white,1
661,black,2
661,draw,0
1169,white,1
1169,black,0
1169,draw,0
991,white,1
991,black,0
991,draw,0
-727,white,0
-727,black,3
-727,draw,0
295,white,6
295,black,1
295,draw,1
432,white,3
432,black,1
432,draw,0
526,white,0
526,black,0
526,draw,1
-851,white,0
-851,black,1
-851,draw,0
-265,white,2
-265,black,4
-265,draw,0
-87,white,14
-87,black,11
-87,draw,0
275,white,9
275,black,2
275,draw,0
732,white,1
732,black,0
732,draw,0
-111,white,9
-111,black,13
-111,draw,0
150,white,14
150,black,6
150,draw,0
-328,white,5
-328,black,5
-328,draw,0
199,white,15
199,black,8
199,draw,1
82,white,21
82,black,16
82,draw,0
-24,white,22
-24,black,19
-24,draw,4
107,white,18
107,black,10
107,draw,3
224,white,14
224,black,6
224,draw,0
-594,white,0
-594,black,1
-594,draw,0
-504,white,0
-504,black,6
-504,draw,0
-140,white,6
-140,black,16
-140,draw,1
134,white,12
134,black,11
134,draw,0
-311,white,1
-311,black,5
-311,draw,0
18,white,25
18,black,20
18,draw,4
288,white,13
288,black,2
288,draw,2
-632,white,0
-632,black,2
-632,draw,0
-313,white,1
-313,black,5
-313,draw,0
300,white,8
300,black,3
300,draw,0
236,white,11
236,black,2
236,draw,1
164,white,8
164,black,7
164,draw,1
-348,white,2
-348,black,3
-348,draw,1
-346,white,1
-346,black,3
-346,draw,0
-319,white,4
-319,black,9
-319,draw,1
342,white,5
342,black,1
342,draw,0
126,white,10
126,black,8
126,draw,2
-134,white,8
-134,black,14
-134,draw,1
196,white,13
196,black,4
196,draw,2
289,white,5
289,black,1
289,draw,0
-107,white,5
-107,black,20
-107,draw,0
-65,white,11
-65,black,16
-65,draw,5
-112,white,15
-112,black,12
-112,draw,3
213,white,14
213,black,10
213,draw,0
698,white,3
698,black,0
698,draw,0
-568,white,0
-568,black,2
-568,draw,0
154,white,13
154,black,6
154,draw,1
101,white,18
101,black,11
101,draw,4
428,white,4
428,black,2
428,draw,0
238,white,16
238,black,7
238,draw,0
-407,white,2
-407,black,2
-407,draw,1
372,white,10
372,black,1
372,draw,0
-237,white,3
-237,black,6
-237,draw,2
-623,white,1
-623,black,1
-623,draw,0
152,white,13
152,black,8
152,draw,0
-400,white,1
-400,black,2
-400,draw,0
246,white,11
246,black,0
246,draw,2
-283,white,2
-283,black,6
-283,draw,0
-338,white,0
-338,black,9
-338,draw,0
120,white,18
120,black,9
120,draw,1
114,white,19
114,black,7
114,draw,2
976,white,1
976,black,0
976,draw,0
-689,white,0
-689,black,2
-689,draw,0
-471,white,1
-471,black,3
-471,draw,0
482,white,4
482,black,1
482,draw,0
462,white,1
462,black,1
462,draw,0
-293,white,6
-293,black,8
-293,draw,0
615,white,3
615,black,0
615,draw,0
-83,white,10
-83,black,6
-83,draw,5
-716,white,0
-716,black,2
-716,draw,0
-743,white,1
-743,black,1
-743,draw,0
768,white,1
768,black,0
768,draw,0
568,white,2
568,black,1
568,draw,0
430,white,5
430,black,0
430,draw,0
-639,white,0
-639,black,1
-639,draw,0
332,white,10
332,black,1
332,draw,0
80,white,26
80,black,8
80,draw,11
258,white,5
258,black,5
258,draw,1
483,white,3
483,black,0
483,draw,1
-342,white,3
-342,black,7
-342,draw,0
-291,white,0
-291,black,10
-291,draw,0
458,white,3
458,black,0
458,draw,0
-554,white,1
-554,black,4
-554,draw,0
-179,white,4
-179,black,15
-179,draw,0
-650,white,0
-650,black,1
-650,draw,2
-514,white,1
-514,black,3
-514,draw,0
-209,white,7
-209,black,12
-209,draw,3
-588,white,0
-588,black,3
-588,draw,0
419,white,7
419,black,2
419,draw,2
-267,white,2
-267,black,6
-267,draw,0
-468,white,1
-468,black,5
-468,draw,0
474,white,1
474,black,0
474,draw,0
-225,white,3
-225,black,8
-225,draw,2
-867,white,0
-867,black,2
-867,draw,0
-610,white,2
-610,black,1
-610,draw,0
-409,white,2
-409,black,5
-409,draw,0
579,white,4
579,black,2
579,draw,0
812,white,2
812,black,0
812,draw,0
811,white,6
811,black,0
811,draw,0
809,white,3
809,black,0
809,draw,0
531,white,6
531,black,1
531,draw,0
-507,white,3
-507,black,4
-507,draw,0
479,white,5
479,black,0
479,draw,0
-441,white,0
-441,black,3
-441,draw,0
389,white,8
389,black,4
389,draw,0
626,white,3
626,black,0
626,draw,0
-626,white,0
-626,black,3
-626,draw,0
-838,white,0
-838,black,1
-838,draw,0
487,white,4
487,black,2
487,draw,1
493,white,4
493,black,0
493,draw,0
-343,white,0
-343,black,8
-343,draw,1
-890,white,0
-890,black,1
-890,draw,0
-496,white,0
-496,black,4
-496,draw,0
835,white,2
835,black,0
835,draw,0
622,white,1
622,black,0
622,draw,0
576,white,1
576,black,1
576,draw,0
-529,white,0
-529,black,4
-529,draw,0
-658,white,0
-658,black,2
-658,draw,0
-718,white,0
-718,black,1
-718,draw,0
718,white,2
718,black,0
718,draw,0
753,white,3
753,black,0
753,draw,0
510,white,1
510,black,0
510,draw,0
-377,white,1
-377,black,7
-377,draw,0
514,white,9
514,black,2
514,draw,0
-935,white,0
-935,black,1
-935,draw,0
-611,white,1
-611,black,4
-611,draw,0
500,white,3
500,black,0
500,draw,0
-424,white,1
-424,black,3
-424,draw,0
402,white,2
402,black,1
402,draw,0
-513,white,0
-513,black,3
-513,draw,0
186,white,12
186,black,5
186,draw,1
-543,white,0
-543,black,2
-543,draw,0
736,white,2
736,black,0
736,draw,0
-231,white,4
-231,black,6
-231,draw,1
-453,white,1
-453,black,4
-453,draw,0
-483,white,0
-483,black,4
-483,draw,0
277,white,9
277,black,1
277,draw,0
-415,white,2
-415,black,7
-415,draw,0
-208,white,3
-208,black,15
-208,draw,1
-266,white,2
-266,black,6
-266,draw,3
-285,white,2
-285,black,9
-285,draw,0
-220,white,0
-220,black,16
-220,draw,0
-176,white,3
-176,black,13
-176,draw,1
-327,white,3
-327,black,8
-327,draw,0
-193,white,5
-193,black,11
-193,draw,0
-230,white,6
-230,black,10
-230,draw,1
-117,white,15
-117,black,14
-117,draw,3
-224,white,0
-224,black,10
-224,draw,1
-349,white,3
-349,black,7
-349,draw,0
700,white,2
700,black,0
700,draw,0
-167,white,8
-167,black,14
-167,draw,1
329,white,8
329,black,2
329,draw,0
399,white,4
399,black,0
399,draw,0
-446,white,0
-446,black,3
-446,draw,0
340,white,3
340,black,1
340,draw,0
-830,white,1
-830,black,1
-830,draw,0
824,white,1
824,black,0
824,draw,0
-817,white,0
-817,black,1
-817,draw,0
-654,white,1
-654,black,1
-654,draw,0
-416,white,1
-416,black,1
-416,draw,0
625,white,2
625,black,0
625,draw,1
486,white,2
486,black,0
486,draw,0
-248,white,1
-248,black,8
-248,draw,1
-959,white,0
-959,black,1
-959,draw,0
735,white,3
735,black,0
735,draw,0
511,white,5
511,black,0
511,draw,0
551,white,2
551,black,0
551,draw,0
-809,white,0
-809,black,3
-809,draw,0
393,white,6
393,black,1
393,draw,0
-393,white,1
-393,black,6
-393,draw,0
-649,white,0
-649,black,1
-649,draw,0
-376,white,5
-376,black,5
-376,draw,0
420,white,3
420,black,0
420,draw,0
215,white,9
215,black,1
215,draw,0
-164,white,4
-164,black,13
-164,draw,0
-540,white,1
-540,black,3
-540,draw,0
346,white,7
346,black,1
346,draw,0
-536,white,0
-536,black,2
-536,draw,1
293,white,8
293,black,5
293,draw,0
-232,white,3
-232,black,2
-232,draw,0
333,white,7
333,black,1
333,draw,0
-1049,white,0
-1049,black,2
-1049,draw,0
-359,white,2
-359,black,6
-359,draw,0
1262,white,2
1262,black,0
1262,draw,0
138,white,15
138,black,7
138,draw,0
-97,white,13
-97,black,13
-97,draw,3
-670,white,0
-670,black,1
-670,draw,0
668,white,1
668,black,0
668,draw,0
267,white,11
267,black,3
267,draw,0
299,white,8
299,black,3
299,draw,0
801,white,1
801,black,0
801,draw,0
344,white,6
344,black,1
344,draw,0
323,white,10
323,black,2
323,draw,0
-459,white,1
-459,black,3
-459,draw,0
712,white,1
712,black,1
712,draw,0
230,white,14
230,black,5
230,draw,1
449,white,6
449,black,0
449,draw,1
237,white,9
237,black,1
237,draw,1
-85,white,11
-85,black,18
-85,draw,2
324,white,8
324,black,1
324,draw,0
260,white,14
260,black,2
260,draw,0
297,white,4
297,black,1
297,draw,0
505,white,6
505,black,0
505,draw,0
833,white,1
833,black,0
833,draw,0
-318,white,1
-318,black,4
-318,draw,1
165,white,22
165,black,3
165,draw,1
174,white,8
174,black,10
174,draw,1
103,white,14
103,black,10
103,draw,1
207,white,10
207,black,2
207,draw,1
-251,white,4
-251,black,5
-251,draw,1
-421,white,2
-421,black,2
-421,draw,0
-270,white,3
-270,black,11
-270,draw,1
605,white,1
605,black,1
605,draw,0
-253,white,5
-253,black,5
-253,draw,0
369,white,7
369,black,3
369,draw,0
913,white,1
913,black,0
913,draw,0
-773,white,0
-773,black,1
-773,draw,0
472,white,6
472,black,0
472,draw,2
730,white,2
730,black,0
730,draw,0
586,white,4
586,black,0
586,draw,0
602,white,2
602,black,0
602,draw,1
404,white,5
404,black,0
404,draw,0
457,white,6
457,black,1
457,draw,0
537,white,4
537,black,0
537,draw,0
557,white,1
557,black,0
557,draw,0
-256,white,2
-256,black,10
-256,draw,1
274,white,11
274,black,2
274,draw,0
195,white,13
195,black,6
195,draw,0
-236,white,1
-236,black,16
-236,draw,0
-703,white,0
-703,black,2
-703,draw,0
665,white,1
665,black,0
665,draw,0
-455,white,0
-455,black,3
-455,draw,0
532,white,3
532,black,0
532,draw,1
719,white,1
719,black,0
719,draw,0
-460,white,2
-460,black,4
-460,draw,0
702,white,4
702,black,0
702,draw,0
454,white,3
454,black,3
454,draw,0
-1003,white,0
-1003,black,1
-1003,draw,0
715,white,2
715,black,0
715,draw,0
-665,white,0
-665,black,2
-665,draw,0
311,white,6
311,black,0
311,draw,0
-561,white,0
-561,black,1
-561,draw,0
320,white,8
320,black,1
320,draw,0
307,white,9
307,black,2
307,draw,0
305,white,4
305,black,3
305,draw,1
368,white,4
368,black,0
368,draw,0
282,white,11
282,black,2
282,draw,0
-822,white,0
-822,black,1
-822,draw,0
-169,white,10
-169,black,10
-169,draw,0
364,white,3
364,black,2
364,draw,0
106,white,19
106,black,9
106,draw,1
-172,white,4
-172,black,7
-172,draw,1
-289,white,2
-289,black,13
-289,draw,1
616,white,2
616,black,0
616,draw,0
524,white,5
524,black,0
524,draw,1
613,white,3
613,black,0
613,draw,0
-383,white,0
-383,black,4
-383,draw,0
-604,white,0
-604,black,3
-604,draw,0
-617,white,2
-617,black,3
-617,draw,0
317,white,2
317,black,0
317,draw,0
-94,white,7
-94,black,20
-94,draw,0
-282,white,3
-282,black,9
-282,draw,0
417,white,3
417,black,0
417,draw,0
-518,white,2
-518,black,4
-518,draw,0
435,white,2
435,black,0
435,draw,0
-578,white,1
-578,black,2
-578,draw,0
777,white,2
777,black,1
777,draw,0
-357,white,0
-357,black,5
-357,draw,1
-417,white,0
-417,black,6
-417,draw,0
418,white,6
418,black,1
418,draw,0
-406,white,1
-406,black,3
-406,draw,0
381,white,4
381,black,0
381,draw,0
-573,white,2
-573,black,3
-573,draw,0
461,white,4
461,black,1
461,draw,0
-88,white,10
-88,black,12
-88,draw,2
495,white,4
495,black,1
495,draw,0
371,white,6
371,black,2
371,draw,0
-235,white,5
-235,black,17
-235,draw,0
-449,white,0
-449,black,6
-449,draw,0
231,white,9
231,black,1
231,draw,1
-306,white,1
-306,black,6
-306,draw,0
-405,white,2
-405,black,2
-405,draw,0
662,white,1
662,black,0
662,draw,0
-316,white,2
-316,black,6
-316,draw,0
694,white,0
694,black,1
694,draw,0
601,white,2
601,black,1
601,draw,0
-708,white,1
-708,black,0
-708,draw,0
-151,white,7
-151,black,10
-151,draw,1
520,white,4
520,black,0
520,draw,0
751,white,1
751,black,0
751,draw,0
-1077,white,0
-1077,black,1
-1077,draw,0
459,white,2
459,black,0
459,draw,1
204,white,14
204,black,6
204,draw,2
179,white,15
179,black,5
179,draw,0
166,white,14
166,black,9
166,draw,1
-257,white,4
-257,black,5
-257,draw,0
-419,white,3
-419,black,5
-419,draw,0
356,white,11
356,black,2
356,draw,1
-451,white,0
-451,black,4
-451,draw,0
501,white,2
501,black,0
501,draw,0
397,white,5
397,black,0
397,draw,1
-403,white,1
-403,black,5
-403,draw,0
-437,white,1
-437,black,3
-437,draw,0
453,white,3
453,black,3
453,draw,0
-255,white,5
-255,black,4
-255,draw,0
182,white,17
182,black,7
182,draw,0
536,white,4
536,black,0
536,draw,0
191,white,12
191,black,6
191,draw,0
-528,white,2
-528,black,3
-528,draw,0
-397,white,1
-397,black,4
-397,draw,1
-272,white,3
-272,black,6
-272,draw,1
-245,white,1
-245,black,4
-245,draw,0
261,white,11
261,black,1
261,draw,0
-181,white,5
-181,black,10
-181,draw,1
-202,white,3
-202,black,10
-202,draw,1
-197,white,7
-197,black,8
-197,draw,1
540,white,1
540,black,0
540,draw,0
-268,white,2
-268,black,5
-268,draw,2
-274,white,3
-274,black,13
-274,draw,0
-61,white,13
-61,black,30
-61,draw,3
-434,white,1
-434,black,3
-434,draw,0
513,white,3
513,black,0
513,draw,0
160,white,11
160,black,8
160,draw,2
-58,white,9
-58,black,15
-58,draw,1
366,white,9
366,black,0
366,draw,2
-222,white,5
-222,black,19
-222,draw,1
-229,white,4
-229,black,11
-229,draw,0
394,white,5
394,black,1
394,draw,0
-379,white,0
-379,black,3
-379,draw,0
-238,white,5
-238,black,8
-238,draw,1
361,white,3
361,black,1
361,draw,0
-619,white,1
-619,black,0
-619,draw,0
-839,white,0
-839,black,2
-839,draw,0
-1045,white,1
-1045,black,0
-1045,draw,0
901,white,2
901,black,0
901,draw,0
-467,white,2
-467,black,4
-467,draw,0
281,white,10
281,black,1
281,draw,0
1001,white,1
1001,black,0
1001,draw,0
-358,white,1
-358,black,4
-358,draw,0
587,white,1
587,black,0
587,draw,0
347,white,2
347,black,1
347,draw,0
-307,white,1
-307,black,4
-307,draw,0
410,white,2
410,black,0
410,draw,0
-520,white,2
-520,black,8
-520,draw,0
-519,white,0
-519,black,2
-519,draw,0
-371,white,0
-371,black,6
-371,draw,0
266,white,5
266,black,2
266,draw,2
-701,white,0
-701,black,1
-701,draw,0
560,white,2
560,black,1
560,draw,0
533,white,4
533,black,2
533,draw,0
-367,white,2
-367,black,5
-367,draw,0
400,white,3
400,black,2
400,draw,0
-785,white,0
-785,black,2
-785,draw,0
-217,white,5
-217,black,12
-217,draw,1
-356,white,1
-356,black,6
-356,draw,0
-269,white,3
-269,black,12
-269,draw,1
316,white,6
316,black,0
316,draw,0
-498,white,1
-498,black,1
-498,draw,0
-805,white,0
-805,black,2
-805,draw,1
804,white,1
804,black,0
804,draw,0
403,white,7
403,black,0
403,draw,0
-534,white,0
-534,black,3
-534,draw,0
529,white,6
529,black,0
529,draw,0
-524,white,1
-524,black,2
-524,draw,0
-608,white,0
-608,black,1
-608,draw,0
383,white,4
383,black,1
383,draw,1
318,white,6
318,black,2
318,draw,0
249,white,10
249,black,5
249,draw,0
209,white,7
209,black,5
209,draw,1
-280,white,4
-280,black,7
-280,draw,0
509,white,2
509,black,0
509,draw,0
-243,white,4
-243,black,4
-243,draw,1
564,white,2
564,black,0
564,draw,0
-408,white,1
-408,black,3
-408,draw,0
378,white,8
378,black,1
378,draw,0
-816,white,0
-816,black,1
-816,draw,0
-814,white,0
-814,black,2
-814,draw,0
350,white,3
350,black,3
350,draw,0
-560,white,4
-560,black,2
-560,draw,0
-431,white,2
-431,black,7
-431,draw,0
503,white,7
503,black,0
503,draw,0
-508,white,1
-508,black,1
-508,draw,0
367,white,5
367,black,1
367,draw,0
469,white,5
469,black,1
469,draw,0
727,white,5
727,black,0
727,draw,0
-299,white,2
-299,black,8
-299,draw,0
465,white,2
465,black,0
465,draw,0
313,white,4
313,black,4
313,draw,0
788,white,1
788,black,0
788,draw,0
-669,white,0
-669,black,2
-669,draw,0
621,white,0
621,black,1
621,draw,0
-621,white,2
-621,black,1
-621,draw,0
547,white,2
547,black,1
547,draw,0
363,white,2
363,black,1
363,draw,1
422,white,7
422,black,0
422,draw,0
623,white,1
623,black,0
623,draw,0
-1155,white,0
-1155,black,1
-1155,draw,0
-452,white,2
-452,black,2
-452,draw,1
629,white,2
629,black,0
629,draw,0
-488,white,0
-488,black,3
-488,draw,0
-532,white,1
-532,black,4
-532,draw,0
494,white,4
494,black,0
494,draw,0
-553,white,0
-553,black,2
-553,draw,0
-866,white,0
-866,black,1
-866,draw,0
717,white,3
717,black,1
717,draw,0
-685,white,1
-685,black,0
-685,draw,0
-607,white,0
-607,black,2
-607,draw,0
328,white,7
328,black,1
328,draw,0
401,white,6
401,black,1
401,draw,0
570,white,3
570,black,0
570,draw,1
596,white,1
596,black,0
596,draw,0
855,white,1
855,black,0
855,draw,0
-752,white,0
-752,black,2
-752,draw,0
-545,white,0
-545,black,2
-545,draw,0
643,white,0
643,black,1
643,draw,0
-199,white,5
-199,black,4
-199,draw,1
-503,white,1
-503,black,6
-503,draw,1
448,white,6
448,black,1
448,draw,0
205,white,10
205,black,6
205,draw,0
167,white,12
167,black,7
167,draw,3
527,white,3
527,black,0
527,draw,0
592,white,4
592,black,0
592,draw,0
647,white,2
647,black,0
647,draw,0
937,white,1
937,black,0
937,draw,0
-688,white,0
-688,black,2
-688,draw,0
223,white,13
223,black,0
223,draw,0
614,white,4
614,black,0
614,draw,0
-380,white,3
-380,black,6
-380,draw,0
652,white,3
652,black,0
652,draw,0
345,white,4
345,black,3
345,draw,0
357,white,4
357,black,3
357,draw,1
984,white,1
984,black,0
984,draw,0
-984,white,0
-984,black,1
-984,draw,0
-547,white,2
-547,black,1
-547,draw,0
752,white,2
752,black,0
752,draw,0
1172,white,2
1172,black,0
1172,draw,0
407,white,6
407,black,1
407,draw,0
339,white,8
339,black,1
339,draw,0
-1223,white,1
-1223,black,0
-1223,draw,0
-580,white,1
-580,black,1
-580,draw,0
-581,white,0
-581,black,2
-581,draw,1
416,white,6
416,black,2
416,draw,0
156,white,13
156,black,1
156,draw,2
-622,white,1
-622,black,1
-622,draw,0
-945,white,1
-945,black,1
-945,draw,0
-535,white,0
-535,black,5
-535,draw,0
-895,white,0
-895,black,2
-895,draw,0
436,white,5
436,black,0
436,draw,0
624,white,2
624,black,0
624,draw,1
-305,white,2
-305,black,3
-305,draw,0
545,white,5
545,black,1
545,draw,0
-709,white,0
-709,black,1
-709,draw,1
441,white,4
441,black,0
441,draw,0
-366,white,3
-366,black,13
-366,draw,0
-559,white,0
-559,black,3
-559,draw,0
-673,white,0
-673,black,1
-673,draw,0
-273,white,5
-273,black,6
-273,draw,1
-502,white,0
-502,black,2
-502,draw,0
562,white,2
562,black,0
562,draw,0
-370,white,2
-370,black,8
-370,draw,0
-613,white,0
-613,black,2
-613,draw,0
556,white,2
556,black,0
556,draw,0
-798,white,0
-798,black,1
-798,draw,0
382,white,2
382,black,1
382,draw,0
-763,white,2
-763,black,0
-763,draw,0
763,white,0
763,black,1
763,draw,1
225,white,7
225,black,1
225,draw,3
348,white,5
348,black,0
348,draw,0
-288,white,2
-288,black,6
-288,draw,0
272,white,9
272,black,1
272,draw,1
-162,white,8
-162,black,11
-162,draw,3
314,white,7
314,black,1
314,draw,1
292,white,10
292,black,2
292,draw,0
-350,white,0
-350,black,6
-350,draw,0
-374,white,0
-374,black,4
-374,draw,0
-616,white,0
-616,black,1
-616,draw,0
691,white,1
691,black,0
691,draw,0
-477,white,0
-477,black,3
-477,draw,1
544,white,0
544,black,1
544,draw,0
598,white,3
598,black,0
598,draw,2
-444,white,0
-444,black,2
-444,draw,0
772,white,3
772,black,0
772,draw,0
-544,white,0
-544,black,3
-544,draw,0
-308,white,2
-308,black,5
-308,draw,2
-479,white,0
-479,black,3
-479,draw,0
787,white,1
787,black,0
787,draw,0
654,white,1
654,black,0
654,draw,0
384,white,4
384,black,0
384,draw,1
408,white,4
408,black,1
408,draw,0
-666,white,0
-666,black,2
-666,draw,0
-192,white,3
-192,black,7
-192,draw,2
157,white,13
157,black,9
157,draw,0
-562,white,0
-562,black,1
-562,draw,0
610,white,2
610,black,0
610,draw,0
709,white,1
709,black,1
709,draw,0
989,white,2
989,black,0
989,draw,0
-378,white,0
-378,black,2
-378,draw,1
-317,white,1
-317,black,2
-317,draw,1
617,white,4
617,black,1
617,draw,0
924,white,1
924,black,0
924,draw,0
291,white,7
291,black,0
291,draw,0
437,white,2
437,black,1
437,draw,0
669,white,3
669,black,1
669,draw,0
-712,white,0
-712,black,1
-712,draw,0
-878,white,0
-878,black,1
-878,draw,0
-711,white,0
-711,black,1
-711,draw,0
375,white,4
375,black,1
375,draw,0
-386,white,3
-386,black,5
-386,draw,0
-375,white,0
-375,black,5
-375,draw,0
-977,white,0
-977,black,4
-977,draw,0
977,white,4
977,black,0
977,draw,0
552,white,2
552,black,0
552,draw,0
-975,white,0
-975,black,6
-975,draw,0
975,white,8
975,black,0
975,draw,0
484,white,6
484,black,1
484,draw,0
-592,white,0
-592,black,1
-592,draw,0
667,white,1
667,black,1
667,draw,0
-750,white,0
-750,black,3
-750,draw,0
686,white,3
686,black,0
686,draw,0
-1605,white,0
-1605,black,2
-1605,draw,0
881,white,2
881,black,0
881,draw,0
-461,white,2
-461,black,1
-461,draw,0
-538,white,0
-538,black,3
-538,draw,1
-339,white,1
-339,black,7
-339,draw,0
-320,white,1
-320,black,6
-320,draw,0
1066,white,2
1066,black,0
1066,draw,0
864,white,3
864,black,0
864,draw,0
554,white,1
554,black,0
554,draw,0
549,white,3
549,black,0
549,draw,0
541,white,4
541,black,0
541,draw,0
583,white,3
583,black,1
583,draw,0
439,white,6
439,black,0
439,draw,0
-487,white,1
-487,black,3
-487,draw,0
-428,white,1
-428,black,3
-428,draw,0
696,white,1
696,black,1
696,draw,0
-420,white,0
-420,black,2
-420,draw,0
-301,white,4
-301,black,6
-301,draw,0
-402,white,0
-402,black,6
-402,draw,0
-436,white,0
-436,black,6
-436,draw,1
303,white,7
303,black,1
303,draw,0
656,white,2
656,black,0
656,draw,0
-432,white,0
-432,black,4
-432,draw,0
-548,white,1
-548,black,3
-548,draw,0
-340,white,0
-340,black,6
-340,draw,0
426,white,3
426,black,0
426,draw,0
301,white,8
301,black,3
301,draw,0
464,white,5
464,black,0
464,draw,0
429,white,4
429,black,0
429,draw,0
653,white,2
653,black,0
653,draw,0
-457,white,1
-457,black,2
-457,draw,0
921,white,1
921,black,0
921,draw,0
1499,white,1
1499,black,0
1499,draw,0
535,white,4
535,black,0
535,draw,0
645,white,7
645,black,0
645,draw,0
-834,white,0
-834,black,2
-834,draw,0
-797,white,0
-797,black,1
-797,draw,0
936,white,1
936,black,0
936,draw,0
-413,white,1
-413,black,1
-413,draw,0
884,white,2
884,black,0
884,draw,0
379,white,5
379,black,0
379,draw,0
-584,white,0
-584,black,3
-584,draw,0
-686,white,0
-686,black,3
-686,draw,0
-664,white,1
-664,black,1
-664,draw,0
-531,white,1
-531,black,3
-531,draw,0
343,white,5
343,black,1
343,draw,0
-391,white,0
-391,black,4
-391,draw,0
523,white,5
523,black,0
523,draw,0
518,white,2
518,black,0
518,draw,0
-782,white,0
-782,black,1
-782,draw,0
1117,white,1
1117,black,0
1117,draw,0
-516,white,0
-516,black,3
-516,draw,0
973,white,2
973,black,0
973,draw,0
826,white,1
826,black,0
826,draw,0
451,white,3
451,black,1
451,draw,0
434,white,5
434,black,0
434,draw,0
279,white,3
279,black,2
279,draw,0
-361,white,1
-361,black,3
-361,draw,0
632,white,1
632,black,1
632,draw,0
-515,white,0
-515,black,1
-515,draw,0
412,white,5
412,black,1
412,draw,0
-593,white,0
-593,black,1
-593,draw,0
-768,white,0
-768,black,3
-768,draw,0
703,white,1
703,black,0
703,draw,0
1073,white,1
1073,black,0
1073,draw,0
-570,white,0
-570,black,1
-570,draw,0
485,white,3
485,black,0
485,draw,0
-919,white,0
-919,black,2
-919,draw,0
-730,white,0
-730,black,3
-730,draw,0
327,white,3
327,black,2
327,draw,0
-754,white,0
-754,black,1
-754,draw,0
573,white,5
573,black,0
573,draw,0
-505,white,1
-505,black,1
-505,draw,0
478,white,3
478,black,1
478,draw,0
-710,white,0
-710,black,2
-710,draw,0
779,white,1
779,black,0
779,draw,0
-462,white,1
-462,black,2
-462,draw,0
-427,white,3
-427,black,2
-427,draw,0
-470,white,0
-470,black,3
-470,draw,0
440,white,5
440,black,0
440,draw,0
1017,white,3
1017,black,0
1017,draw,0
-911,white,0
-911,black,1
-911,draw,0
-896,white,0
-896,black,1
-896,draw,0
-726,white,0
-726,black,1
-726,draw,0
-965,white,0
-965,black,1
-965,draw,0
906,white,2
906,black,2
906,draw,0
424,white,5
424,black,1
424,draw,0
-539,white,0
-539,black,1
-539,draw,0
438,white,5
438,black,0
438,draw,0
-523,white,1
-523,black,5
-523,draw,0
-662,white,1
-662,black,0
-662,draw,0
-312,white,2
-312,black,7
-312,draw,1
580,white,4
580,black,0
580,draw,0
-595,white,0
-595,black,1
-595,draw,0
480,white,2
480,black,0
480,draw,0
476,white,5
476,black,0
476,draw,0
425,white,3
425,black,0
425,draw,0
489,white,2
489,black,0
489,draw,0
-841,white,0
-841,black,2
-841,draw,0
-411,white,0
-411,black,1
-411,draw,0
-347,white,0
-347,black,5
-347,draw,1
-422,white,1
-422,black,4
-422,draw,0
795,white,1
795,black,0
795,draw,0
607,white,3
607,black,0
607,draw,0
-586,white,0
-586,black,2
-586,draw,0
581,white,1
581,black,0
581,draw,0
590,white,1
590,black,0
590,draw,0
466,white,3
466,black,1
466,draw,0
-542,white,0
-542,black,2
-542,draw,0
-480,white,1
-480,black,1
-480,draw,0
-655,white,0
-655,black,2
-655,draw,0
-463,white,0
-463,black,2
-463,draw,0
844,white,1
844,black,0
844,draw,0
496,white,2
496,black,0
496,draw,0
521,white,3
521,black,0
521,draw,0
491,white,5
491,black,1
491,draw,1
-450,white,2
-450,black,2
-450,draw,0
872,white,1
872,black,0
872,draw,0
-575,white,0
-575,black,2
-575,draw,0
988,white,2
988,black,0
988,draw,0
-325,white,3
-325,black,4
-325,draw,0
567,white,3
567,black,0
567,draw,0
-719,white,0
-719,black,1
-719,draw,0
-336,white,0
-336,black,7
-336,draw,0
-550,white,0
-550,black,2
-550,draw,0
-612,white,0
-612,black,1
-612,draw,0
563,white,2
563,black,1
563,draw,0
445,white,6
445,black,0
445,draw,1
-430,white,0
-430,black,2
-430,draw,0
-625,white,0
-625,black,2
-625,draw,0
-699,white,0
-699,black,1
-699,draw,0
411,white,4
411,black,0
411,draw,1
968,white,1
968,black,0
968,draw,0
565,white,2
565,black,0
565,draw,0
-642,white,0
-642,black,2
-642,draw,0
840,white,1
840,black,0
840,draw,0
-922,white,0
-922,black,1
-922,draw,0
657,white,3
657,black,0
657,draw,0
597,white,1
597,black,0
597,draw,0
-590,white,0
-590,black,2
-590,draw,0
789,white,1
789,black,0
789,draw,0
492,white,0
492,black,1
492,draw,0
704,white,1
704,black,0
704,draw,0
-414,white,2
-414,black,2
-414,draw,0
-624,white,0
-624,black,2
-624,draw,0
640,white,2
640,black,0
640,draw,0
-908,white,0
-908,black,1
-908,draw,0
-715,white,0
-715,black,1
-715,draw,0
497,white,1
497,black,1
497,draw,0
463,white,4
463,black,0
463,draw,0
-410,white,1
-410,black,2
-410,draw,0
595,white,1
595,black,1
595,draw,0
-527,white,0
-527,black,2
-527,draw,0
-614,white,0
-614,black,1
-614,draw,0
-627,white,0
-627,black,1
-627,draw,0
-525,white,0
-525,black,1
-525,draw,0
-574,white,0
-574,black,1
-574,draw,0
720,white,2
720,black,0
720,draw,1
385,white,3
385,black,2
385,draw,0
782,white,1
782,black,0
782,draw,0
1027,white,1
1027,black,0
1027,draw,0
-1027,white,0
-1027,black,1
-1027,draw,0
636,white,1
636,black,0
636,draw,0
-509,white,1
-509,black,1
-509,draw,0
-512,white,1
-512,black,1
-512,draw,0
679,white,1
679,black,0
679,draw,0
-671,white,0
-671,black,2
-671,draw,0
-836,white,0
-836,black,1
-836,draw,0
-629,white,1
-629,black,0
-629,draw,0
-287,white,0
-287,black,2
-287,draw,0
-475,white,0
-475,black,3
-475,draw,0
-732,white,0
-732,black,2
-732,draw,0
-353,white,0
-353,black,4
-353,draw,0
-602,white,1
-602,black,2
-602,draw,0
-546,white,1
-546,black,3
-546,draw,0
-721,white,1
-721,black,1
-721,draw,0
-591,white,0
-591,black,1
-591,draw,0
716,white,2
716,black,0
716,draw,0
860,white,1
860,black,0
860,draw,0
659,white,1
659,black,1
659,draw,0
-852,white,1
-852,black,0
-852,draw,0
-921,white,0
-921,black,1
-921,draw,0
-827,white,0
-827,black,1
-827,draw,0
-1013,white,1
-1013,black,1
-1013,draw,0
-660,white,0
-660,black,2
-660,draw,0
-799,white,0
-799,black,1
-799,draw,0
-474,white,0
-474,black,1
-474,draw,0
-634,white,0
-634,black,1
-634,draw,0
512,white,1
512,black,0
512,draw,0
-755,white,0
-755,black,2
-755,draw,0
843,white,1
843,black,0
843,draw,0
-842,white,0
-842,black,1
-842,draw,0
-392,white,0
-392,black,2
-392,draw,0
392,white,2
392,black,0
392,draw,1
-497,white,0
-497,black,2
-497,draw,0
-647,white,0
-647,black,1
-647,draw,0
-638,white,0
-638,black,1
-638,draw,0
-567,white,0
-567,black,2
-567,draw,0
561,white,2
561,black,0
561,draw,0
488,white,3
488,black,0
488,draw,0
-478,white,0
-478,black,3
-478,draw,0
443,white,2
443,black,0
443,draw,0
725,white,1
725,black,0
725,draw,0
-429,white,0
-429,black,1
-429,draw,0
-368,white,0
-368,black,2
-368,draw,0
943,white,1
943,black,0
943,draw,0
539,white,1
539,black,1
539,draw,0
502,white,2
502,black,1
502,draw,0
805,white,1
805,black,1
805,draw,1
681,white,1
681,black,0
681,draw,0
1166,white,1
1166,black,0
1166,draw,0
-601,white,1
-601,black,3
-601,draw,0
794,white,1
794,black,0
794,draw,0
572,white,3
572,black,1
572,draw,0
820,white,2
820,black,0
820,draw,0
-493,white,0
-493,black,3
-493,draw,0
433,white,3
433,black,1
433,draw,0
-637,white,1
-637,black,0
-637,draw,0
569,white,0
569,black,1
569,draw,0
-263,white,0
-263,black,4
-263,draw,1
-541,white,1
-541,black,1
-541,draw,0
471,white,3
471,black,2
471,draw,0
666,white,2
666,black,0
666,draw,0
-804,white,0
-804,black,1
-804,draw,0
650,white,2
650,black,0
650,draw,0
633,white,1
633,black,0
633,draw,0
-630,white,0
-630,black,1
-630,draw,0
627,white,1
627,black,0
627,draw,0
538,white,1
538,black,0
538,draw,0
-354,white,0
-354,black,4
-354,draw,1
-717,white,0
-717,black,0
-717,draw,1
815,white,2
815,black,0
815,draw,0
594,white,4
594,black,0
594,draw,0
-600,white,1
-600,black,1
-600,draw,0
284,white,6
284,black,0
284,draw,0
738,white,1
738,black,0
738,draw,0
-418,white,1
-418,black,1
-418,draw,0
687,white,2
687,black,0
687,draw,0
870,white,1
870,black,0
870,draw,0
618,white,2
618,black,0
618,draw,0
692,white,3
692,black,2
692,draw,0
708,white,2
708,black,0
708,draw,1
-860,white,0
-860,black,1
-860,draw,0
-803,white,1
-803,black,0
-803,draw,0
803,white,1
803,black,0
803,draw,0
-764,white,0
-764,black,2
-764,draw,0
764,white,1
764,black,1
764,draw,0
1290,white,1
1290,black,0
1290,draw,0
-1290,white,0
-1290,black,1
-1290,draw,0
-656,white,0
-656,black,3
-656,draw,0
609,white,1
609,black,0
609,draw,0
655,white,1
655,black,0
655,draw,0
851,white,1
851,black,0
851,draw,0
-694,white,0
-694,black,1
-694,draw,0
952,white,0
952,black,0
952,draw,1
-1121,white,1
-1121,black,2
-1121,draw,0
1022,white,1
1022,black,0
1022,draw,0
1121,white,1
1121,black,0
1121,draw,0
-645,white,0
-645,black,5
-645,draw,1
648,white,5
648,black,0
648,draw,0
-648,white,0
-648,black,5
-648,draw,0
729,white,2
729,black,0
729,draw,0
-729,white,0
-729,black,3
-729,draw,0
-770,white,0
-770,black,2
-770,draw,0
-1273,white,0
-1273,black,2
-1273,draw,0
780,white,0
780,black,0
780,draw,2
1007,white,1
1007,black,0
1007,draw,0
452,white,2
452,black,0
452,draw,0
-713,white,0
-713,black,1
-713,draw,0
1008,white,0
1008,black,1
1008,draw,0
1021,white,1
1021,black,0
1021,draw,0
-697,white,1
-697,black,1
-697,draw,0
755,white,1
755,black,0
755,draw,0
705,white,1
705,black,0
705,draw,0
477,white,3
477,black,1
477,draw,0
-1407,white,0
-1407,black,1
-1407,draw,0
766,white,1
766,black,0
766,draw,0
-766,white,0
-766,black,1
-766,draw,0
-951,white,0
-951,black,3
-951,draw,0
550,white,0
550,black,1
550,draw,0
481,white,3
481,black,0
481,draw,1
850,white,1
850,black,0
850,draw,0
-577,white,0
-577,black,1
-577,draw,0
1024,white,0
1024,black,0
1024,draw,1
-801,white,0
-801,black,1
-801,draw,0
-722,white,0
-722,black,0
-722,draw,1
819,white,2
819,black,0
819,draw,0
-698,white,0
-698,black,2
-698,draw,0
-615,white,1
-615,black,3
-615,draw,0
620,white,2
620,black,0
620,draw,0
-1086,white,0
-1086,black,1
-1086,draw,0
456,white,2
456,black,0
456,draw,0
-906,white,0
-906,black,2
-906,draw,0
-395,white,0
-395,black,3
-395,draw,0
1237,white,1
1237,black,0
1237,draw,0
-1237,white,0
-1237,black,1
-1237,draw,0
985,white,2
985,black,0
985,draw,0
-690,white,0
-690,black,1
-690,draw,0
528,white,1
528,black,0
528,draw,0
606,white,1
606,black,1
606,draw,0
-651,white,1
-651,black,0
-651,draw,0
1214,white,1
1214,black,0
1214,draw,0
638,white,0
638,black,1
638,draw,0
660,white,1
660,black,0
660,draw,0
-725,white,1
-725,black,0
-725,draw,0
-659,white,0
-659,black,3
-659,draw,0
-1188,white,0
-1188,black,1
-1188,draw,0
-476,white,0
-476,black,2
-476,draw,0
663,white,1
663,black,0
663,draw,0
682,white,1
682,black,0
682,draw,0
-676,white,0
-676,black,1
-676,draw,0
-618,white,0
-618,black,2
-618,draw,0
-609,white,0
-609,black,1
-609,draw,0
553,white,2
553,black,0
553,draw,0
1492,white,1
1492,black,0
1492,draw,0
-864,white,0
-864,black,1
-864,draw,0
630,white,1
630,black,0
630,draw,0
-563,white,0
-563,black,1
-563,draw,0
-720,white,0
-720,black,1
-720,draw,0
-714,white,0
-714,black,1
-714,draw,0
-663,white,0
-663,black,1
-663,draw,0
1124,white,1
1124,black,0
1124,draw,0
1196,white,1
1196,black,0
1196,draw,0
1297,white,1
1297,black,0
1297,draw,0
-454,white,1
-454,black,1
-454,draw,0
995,white,1
995,black,0
995,draw,0
756,white,1
756,black,0
756,draw,0
-605,white,0
-605,black,1
-605,draw,0
555,white,0
555,black,1
555,draw,0
1056,white,1
1056,black,0
1056,draw,0
-857,white,0
-857,black,1
-857,draw,0
-464,white,0
-464,black,3
-464,draw,0
566,white,1
566,black,0
566,draw,0
508,white,1
508,black,0
508,draw,0
-469,white,0
-469,black,1
-469,draw,0
-551,white,0
-551,black,2
-551,draw,0
-783,white,0
-783,black,2
-783,draw,0
604,white,1
604,black,0
604,draw,0
-491,white,1
-491,black,2
-491,draw,0
651,white,1
651,black,0
651,draw,0
959,white,1
959,black,0
959,draw,0
-958,white,0
-958,black,1
-958,draw,0
957,white,1
957,black,0
957,draw,0
-736,white,0
-736,black,1
-736,draw,0
-494,white,0
-494,black,1
-494,draw,0
-517,white,0
-517,black,1
-517,draw,0
-425,white,1
-425,black,0
-425,draw,0
-745,white,1
-745,black,0
-745,draw,0
-435,white,0
-435,black,1
-435,draw,0
693,white,1
693,black,0
693,draw,0
-693,white,0
-693,black,1
-693,draw,0
-724,white,0
-724,black,1
-724,draw,0
-442,white,0
-442,black,1
-442,draw,0
773,white,1
773,black,0
773,draw,0
-549,white,0
-549,black,1
-549,draw,0
574,white,2
574,black,1
574,draw,0
762,white,0
762,black,0
762,draw,1
-633,white,0
-633,black,1
-633,draw,0
-576,white,0
-576,black,1
-576,draw,0
-620,white,0
-620,black,2
-620,draw,0
-533,white,0
-533,black,2
-533,draw,0
-702,white,0
-702,black,2
-702,draw,0
797,white,1
797,black,0
797,draw,0
455,white,1
455,black,0
455,draw,0
631,white,1
631,black,0
631,draw,0
-943,white,0
-943,black,1
-943,draw,0
-678,white,0
-678,black,1
-678,draw,0
889,white,1
889,black,0
889,draw,0
-733,white,0
-733,black,1
-733,draw,0
1015,white,1
1015,black,0
1015,draw,0
-668,white,0
-668,black,2
-668,draw,0
-787,white,1
-787,black,0
-787,draw,0
786,white,1
786,black,0
786,draw,0
-734,white,0
-734,black,1
-734,draw,0
-657,white,0
-657,black,1
-657,draw,0
-758,white,0
-758,black,1
-758,draw,0
-579,white,0
-579,black,1
-579,draw,0
-558,white,0
-558,black,1
-558,draw,0
-781,white,0
-781,black,1
-781,draw,0
593,white,2
593,black,0
593,draw,0
-1090,white,0
-1090,black,1
-1090,draw,0
1200,white,1
1200,black,0
1200,draw,0
600,white,1
600,black,0
600,draw,0
-1141,white,0
-1141,black,1
-1141,draw,0
774,white,0
774,black,1
774,draw,0
1212,white,1
1212,black,0
1212,draw,0
-731,white,0
-731,black,1
-731,draw,0
-811,white,0
-811,black,3
-811,draw,0
806,white,1
806,black,0
806,draw,0
-810,white,0
-810,black,0
-810,draw,1
-456,white,0
-456,black,1
-456,draw,0
-564,white,0
-564,black,1
-564,draw,0
-571,white,0
-571,black,1
-571,draw,0
-771,white,0
-771,black,1
-771,draw,0
